city,latitude,longitude,crime_type,date,time
Mumbai,19.00913883716576,72.95252783944288,Assault,2023-12-26,23:03
Kolkata,22.653115627829074,88.22985450086712,Theft,2024-06-21,09:28
Kolkata,22.49487877899065,88.20587093782615,Theft,2024-04-24,21:10
Kolkata,22.679437356263456,88.48440631731258,Snatching,2023-05-30,07:09
Bangalore,12.908020839193707,77.44620152542741,Assault,2024-02-20,11:21
Bangalore,13.187065195372004,77.55495250619306,Snatching,2023-04-15,09:17
Bangalore,12.904472123206414,77.45203903220504,Assault,2023-05-14,02:08
Kolkata,22.439465039705933,88.41564191053038,Snatching,2023-06-16,21:28
Chennai,13.199796027802146,80.22478293289386,Assault,2023-01-16,11:28
Mumbai,19.060233222366307,72.98204562659889,Theft,2024-05-14,01:39
Chennai,12.900342290978775,80.2465447217776,Robbery,2024-01-05,11:58
Mumbai,19.12035602073129,72.91826588052413,Snatching,2023-05-09,01:52
Mumbai,18.980508762669793,72.95150664640684,Assault,2023-05-15,18:52
Mumbai,18.953858885494746,72.93818518365659,Robbery,2024-03-08,07:41
Bangalore,13.101066951038057,77.65941994558135,Robbery,2024-05-06,03:51
Mumbai,19.12829150870104,72.72849347503002,Snatching,2024-05-10,07:13
Kolkata,22.661159744660715,88.42755300873638,Robbery,2024-06-30,08:10
Delhi,28.707021428929863,77.1865477048633,Robbery,2023-01-18,01:11
Bangalore,13.122626156501706,77.7833149326728,Theft,2023-12-18,08:33
Chennai,13.03268247280068,80.15937782049049,Robbery,2024-02-05,10:10
Mumbai,18.98636540582458,72.78066293454482,Assault,2024-06-17,21:06
Kolkata,22.535825976535147,88.44731636586711,Robbery,2023-09-22,14:52
Kolkata,22.619231067188075,88.37277371621542,Theft,2023-07-13,08:08
Mumbai,19.081411193432544,72.74676994826449,Burglary,2024-02-27,18:51
Bangalore,12.985009409078328,77.52708836307471,Burglary,2024-05-03,12:03
Bangalore,13.16603049383851,77.75227838525913,Burglary,2024-08-09,10:19
Kolkata,22.49894455570675,88.4450296957151,Theft,2023-05-21,22:41
Bangalore,12.823647158066517,77.55238681861793,Robbery,2023-08-03,17:20
Bangalore,13.195766044929911,77.69876850342642,Burglary,2023-02-26,06:58
Bangalore,13.19899355895607,77.61065192792911,Robbery,2024-07-05,09:08
Kolkata,22.595620094427847,88.30061020824812,Snatching,2023-04-20,12:24
Chennai,12.957753225039804,80.29822037904968,Robbery,2024-08-15,08:55
Kolkata,22.619594391908514,88.33300770953785,Robbery,2023-12-21,08:05
Chennai,12.980755730548676,80.28037888598602,Burglary,2024-03-22,21:36
Chennai,12.95694402913368,80.18329547858056,Assault,2023-02-02,21:07
Delhi,28.55448146147369,77.1605143636019,Snatching,2024-04-08,14:04
Delhi,28.52147206673764,77.03690659887152,Theft,2023-06-05,12:02
Mumbai,19.101163606482128,72.90559142261793,Theft,2024-04-08,00:45
Kolkata,22.563243144461765,88.37502035234763,Theft,2023-08-20,16:46
Delhi,28.72000595201708,77.00659953890177,Burglary,2024-05-16,18:48
Chennai,13.002156811631297,80.27999734678842,Snatching,2023-09-23,22:00
Mumbai,19.038984489017647,72.71724499426868,Snatching,2023-02-25,03:19
Delhi,28.674646753583332,77.22931471667654,Snatching,2023-07-12,02:57
Mumbai,18.989055921447825,72.75226882871168,Theft,2023-01-21,16:05
Mumbai,19.043559928714803,72.91222258010717,Snatching,2023-02-11,17:44
Mumbai,18.919444789557183,72.90648408679641,Robbery,2023-05-18,02:42
Delhi,28.78328887975163,77.27477066543514,Snatching,2024-07-21,10:02
Kolkata,22.58298025036941,88.3421954573715,Burglary,2023-10-29,13:12
Kolkata,22.690383410763594,88.36176915878788,Theft,2023-01-19,13:48
Kolkata,22.5736968254547,88.25414210523218,Snatching,2024-05-01,08:50
Mumbai,19.175728139261704,72.8907536990631,Theft,2023-12-21,03:33
Delhi,28.563041486692956,77.28961079183873,Theft,2023-02-06,02:38
Mumbai,19.174047742292572,72.75933081815863,Theft,2024-02-14,17:13
Delhi,28.668753622842956,77.00117174859709,Assault,2023-11-04,18:57
Kolkata,22.620674856943815,88.3230893876641,Burglary,2023-12-17,02:48
Bangalore,13.171336169903077,77.6408406515063,Burglary,2024-05-28,21:48
Chennai,13.01861455953991,80.2359887732478,Assault,2024-03-15,17:22
Chennai,12.99790566206865,80.1957431223385,Assault,2023-04-12,05:17
Chennai,13.03805693565604,80.22857319774721,Robbery,2023-06-26,16:28
Chennai,13.178367629692676,80.15080954982693,Theft,2024-04-03,18:23
Delhi,28.59132630729659,77.17234147883723,Snatching,2023-06-30,18:40
Bangalore,13.092481617910462,77.55530510017,Burglary,2023-09-25,17:10
Mumbai,19.02502937398823,72.70939142943404,Assault,2023-11-24,00:52
Chennai,12.921702899191494,80.10948123719571,Assault,2023-07-03,17:56
Chennai,12.961145701566045,80.28584650977446,Burglary,2023-07-19,21:25
Kolkata,22.56031210112596,88.42037473558834,Robbery,2023-04-11,20:03
Mumbai,18.944300222697496,72.7983850243302,Assault,2023-06-28,07:18
Kolkata,22.68909893012362,88.36482142846235,Snatching,2024-01-14,10:49
Mumbai,19.072714801789974,72.83411383556538,Robbery,2024-06-20,07:23
Delhi,28.566316595575213,77.00047767059525,Snatching,2023-03-01,10:54
Chennai,12.970721933685676,80.23047931228817,Burglary,2023-10-21,03:45
Chennai,13.08496822246127,80.15870089848323,Assault,2024-05-03,00:10
Delhi,28.716598809116704,77.28056171887691,Snatching,2024-08-21,00:43
Delhi,28.697148181431526,77.24423426232336,Burglary,2023-08-23,09:40
Chennai,13.173769236811115,80.22850838609949,Robbery,2023-11-26,22:17
Mumbai,19.111662069565682,72.80303315602578,Snatching,2023-11-11,16:08
Delhi,28.652404952652166,77.0328713883471,Theft,2023-11-25,12:51
Bangalore,13.153756534957456,77.5566427894292,Assault,2023-09-01,17:28
Bangalore,12.80014961381364,77.70994054841245,Snatching,2023-01-20,11:37
Delhi,28.547232387829315,77.10790060344576,Snatching,2024-08-20,17:23
Bangalore,13.181961112667603,77.4777863859498,Assault,2023-01-14,20:13
Bangalore,12.844506490938477,77.68446117449561,Theft,2024-04-12,08:43
Chennai,13.038237063841885,80.14166542338819,Assault,2024-02-27,13:39
Kolkata,22.672762133603676,88.37841308333662,Theft,2023-05-14,13:13
Bangalore,13.192895546955885,77.57368680017765,Snatching,2023-02-14,18:40
Mumbai,18.951525549142005,72.88972934735986,Theft,2023-11-13,21:04
Mumbai,19.16899782509682,72.9426475896462,Burglary,2023-06-15,03:18
Mumbai,19.10920137163528,72.74518329852813,Theft,2023-06-26,23:25
Kolkata,22.414743192433722,88.39540123526145,Theft,2023-07-26,22:58
Mumbai,19.07973534035777,72.73283965542478,Burglary,2023-07-27,04:41
Bangalore,12.963401997084787,77.61837894928212,Assault,2024-07-07,15:19
Chennai,12.94495304116081,80.13503507101929,Theft,2023-03-29,04:20
Bangalore,12.865857119440268,77.5453233612157,Burglary,2023-05-06,22:42
Bangalore,13.044257679373116,77.65343574703533,Snatching,2023-03-31,20:28
Chennai,12.934209796734658,80.13937299423925,Burglary,2023-08-27,11:03
Bangalore,12.983650963904907,77.73822572577016,Theft,2023-09-20,06:19
Mumbai,18.90622365108583,72.87217644193422,Snatching,2023-07-27,07:17
Chennai,13.043606742205556,80.10203765311667,Assault,2023-03-31,15:24
Chennai,13.046603236316724,80.23144554162346,Assault,2023-07-11,22:48
Bangalore,12.888429214323613,77.4887978908553,Assault,2024-03-07,04:57
Chennai,13.11245628743243,80.26161100738068,Theft,2023-02-13,17:22
Mumbai,18.95325518208178,72.73341438981988,Snatching,2024-07-26,10:41
Bangalore,13.074132875063977,77.7287961187815,Burglary,2023-09-02,12:30
Mumbai,19.03817696819449,72.98989647330593,Robbery,2024-07-08,19:42
Chennai,12.920307056522152,80.19871846413282,Assault,2023-05-29,22:15
Delhi,28.770700258370383,77.2263618942648,Theft,2023-12-26,22:33
Mumbai,19.09888102873544,72.77704117112471,Burglary,2023-11-15,09:24
Kolkata,22.548395849484766,88.47806208556706,Assault,2024-02-14,06:51
Mumbai,19.181572054967106,72.7129597439545,Assault,2023-01-13,12:42
Kolkata,22.566471242235217,88.46455709869964,Snatching,2023-05-05,19:59
Mumbai,19.052521374877887,72.77263012149912,Snatching,2023-01-23,15:56
Mumbai,19.05688911046415,72.76850832197657,Theft,2024-04-30,19:22
Mumbai,19.122169146454294,72.8451562823266,Robbery,2024-06-27,05:57
Bangalore,13.076511836144796,77.5728346903328,Burglary,2023-07-08,21:27
Chennai,12.991313918312894,80.27214839477035,Assault,2024-07-28,05:48
Delhi,28.71807274781244,77.13683412071094,Robbery,2023-12-21,20:57
Mumbai,19.055075674538198,72.83678510553793,Assault,2024-08-16,10:37
Bangalore,12.849203992768116,77.61063199513721,Theft,2024-05-30,02:08
Chennai,13.061351298506443,80.10176384366842,Snatching,2023-07-29,18:47
Chennai,12.91265689121151,80.22047481281723,Theft,2024-08-18,22:40
Delhi,28.628743538992193,77.25422465604967,Assault,2024-05-23,07:07
Delhi,28.797398469113517,77.07790061593228,Robbery,2023-04-25,03:00
Mumbai,19.19662335977725,72.92747722160803,Robbery,2023-04-02,16:13
Chennai,13.109700002702912,80.17723480482145,Theft,2023-10-08,03:05
Chennai,12.900379251724956,80.25394233586908,Assault,2023-02-03,06:43
Bangalore,13.083203652734923,77.51457034086556,Robbery,2024-01-22,08:35
Bangalore,13.152253030110515,77.58342491461363,Assault,2023-06-24,11:27
Bangalore,13.092709624312388,77.55480846579863,Snatching,2023-04-02,19:14
Chennai,13.182614451278921,80.13490444062508,Snatching,2024-04-29,10:35
Mumbai,19.180987982579815,72.90344526532546,Assault,2023-02-02,23:04
Delhi,28.542308976558292,77.06907745754381,Robbery,2023-10-07,02:36
Chennai,12.999099900750458,80.10708322602882,Robbery,2023-05-22,09:51
Bangalore,13.061881307585114,77.52518565147385,Burglary,2024-04-19,16:43
Kolkata,22.62468202178393,88.2049864887847,Theft,2023-06-27,03:47
Mumbai,19.194910924309166,72.92472583732145,Theft,2024-06-10,11:22
Kolkata,22.474606846741743,88.34354714864584,Theft,2024-03-24,08:12
Mumbai,19.18860216243831,72.76089188454246,Robbery,2024-02-06,13:07
Chennai,13.164480209199603,80.15735335194188,Snatching,2024-08-19,22:19
Kolkata,22.512236328886118,88.41190358980413,Robbery,2024-08-07,23:21
Bangalore,12.910126859751218,77.67910430691852,Assault,2024-07-18,05:40
Delhi,28.521235167281105,77.02326592056615,Theft,2024-05-13,20:06
Chennai,12.994263034584595,80.20526212481396,Burglary,2023-05-12,11:40
Delhi,28.55583817894136,77.20330793804952,Assault,2024-03-23,10:38
Kolkata,22.60110080198165,88.23393608142933,Assault,2024-06-19,05:03
Kolkata,22.453668203125424,88.34003992400035,Theft,2024-02-26,06:08
Bangalore,13.077149056632823,77.71536938451854,Snatching,2024-04-07,13:09
Delhi,28.79951776183071,77.19500498037836,Assault,2023-10-27,05:47
Chennai,13.04180595592066,80.17650451129178,Theft,2023-01-25,15:08
Bangalore,13.080481141628615,77.49845776004989,Theft,2023-11-01,05:16
Chennai,12.904856121615932,80.1496869400661,Theft,2023-05-15,02:58
Kolkata,22.567068068326616,88.3248293525208,Burglary,2023-08-12,05:28
Chennai,12.944110489993745,80.20275444639829,Snatching,2023-11-28,13:13
Mumbai,19.058676180784886,72.71166333356732,Burglary,2023-07-15,00:46
Chennai,13.121004175967657,80.20119283708898,Snatching,2023-07-11,19:46
Kolkata,22.50250556019489,88.24850805142673,Theft,2023-10-31,11:47
Kolkata,22.42362129197359,88.27306407194597,Assault,2024-07-12,11:31
Delhi,28.578162735717516,77.20142944198291,Robbery,2023-06-19,15:09
Chennai,13.033841362832812,80.19988371345589,Theft,2023-03-23,17:53
Delhi,28.56679592749817,77.20245304699822,Snatching,2024-08-19,01:48
Kolkata,22.49295052746318,88.28333396987217,Assault,2023-12-24,22:16
Kolkata,22.67579845193032,88.41958993784858,Burglary,2023-05-31,13:45
Delhi,28.635296699178237,77.14145108792341,Assault,2023-04-09,07:05
Mumbai,19.165984589990998,72.82213282065815,Assault,2023-10-09,06:01
Chennai,12.920595664145493,80.23383254766344,Theft,2023-06-04,13:40
Kolkata,22.658205502039635,88.22478703176763,Robbery,2023-10-16,12:41
Mumbai,18.955920782863114,72.7974369024509,Burglary,2023-11-24,00:12
Bangalore,12.907348224410576,77.79687754229508,Robbery,2024-04-21,22:20
Kolkata,22.66881097321845,88.33496431952483,Theft,2024-06-08,21:51
Mumbai,19.066091671758713,72.87663792460532,Theft,2024-03-05,13:00
Bangalore,12.889986581901034,77.50263866280154,Burglary,2023-02-06,00:23
Mumbai,18.974392540437005,72.94020907327598,Burglary,2023-09-03,19:03
Delhi,28.531906817345742,77.18902259137637,Robbery,2024-03-09,18:31
Mumbai,19.076259756494252,72.83096974768414,Robbery,2023-02-22,23:47
Chennai,13.002854699428998,80.16710626918841,Burglary,2023-12-20,02:52
Kolkata,22.665160948447237,88.24033096950575,Robbery,2024-06-24,11:41
Mumbai,19.080657938412333,72.90118643804841,Robbery,2023-10-14,01:40
Chennai,13.00854273303308,80.18617517472119,Snatching,2023-03-03,03:34
Kolkata,22.42053518237974,88.4360812551552,Robbery,2024-03-26,19:26
Delhi,28.66992716675721,77.09434316783639,Burglary,2023-08-03,18:54
Chennai,13.086526512119534,80.27339682417123,Theft,2023-09-08,09:53
Kolkata,22.657946272733938,88.48108333629344,Assault,2023-10-13,14:23
Delhi,28.705787339677,77.25535464007531,Theft,2024-06-19,03:16
Bangalore,12.880779442532349,77.78276257743022,Robbery,2023-04-20,12:31
Bangalore,13.076673757269424,77.62020290650241,Theft,2024-04-30,18:21
Kolkata,22.548394707575806,88.39862936014332,Assault,2023-03-30,13:58
Delhi,28.660179090078078,77.23204621430186,Burglary,2024-03-25,15:19
Bangalore,13.067531568884517,77.50457777614277,Snatching,2023-01-02,15:19
Kolkata,22.527893359870024,88.36672649637718,Robbery,2024-02-17,00:31
Chennai,13.043301173020918,80.19091086699984,Robbery,2023-10-26,19:41
Bangalore,12.84705408520608,77.60527727152737,Theft,2023-03-19,02:20
Bangalore,12.827557027810277,77.50676219010785,Burglary,2024-08-13,01:27
Mumbai,18.901419611631994,72.87948267299245,Snatching,2023-09-23,17:14
Bangalore,12.838418388685351,77.4035720924271,Assault,2023-03-13,14:18
Bangalore,12.946847194375557,77.72016655553772,Robbery,2023-05-30,13:42
Chennai,12.99381768571725,80.23112539951146,Burglary,2023-08-28,21:05
Delhi,28.52332832579873,77.14621872084608,Theft,2024-08-22,22:05
Delhi,28.65600268894607,77.01123181759728,Snatching,2023-10-30,17:02
Delhi,28.669689592497914,77.16558253298282,Robbery,2023-08-20,14:57
Kolkata,22.69524455859075,88.2973117701864,Robbery,2024-06-19,21:01
Bangalore,13.132776491835955,77.61252994259335,Snatching,2023-04-27,01:42
Chennai,12.990113419592277,80.1849080114042,Burglary,2023-08-27,10:23
Delhi,28.753481940642185,77.24275508408229,Burglary,2023-06-10,01:47
Chennai,13.171006348486294,80.25971085581776,Burglary,2023-12-23,19:30
Delhi,28.617442613962606,77.24907739905629,Assault,2023-01-20,02:48
Chennai,13.092455967118115,80.1745987773849,Burglary,2023-01-06,11:51
Mumbai,18.94356203075724,72.94727885700736,Assault,2024-03-16,23:53
Delhi,28.7373913676742,77.25527648702963,Burglary,2023-07-19,18:45
Delhi,28.707574473309368,77.07353505197196,Theft,2023-07-01,10:28
Kolkata,22.556019503544473,88.31605523787549,Burglary,2023-03-19,13:20
Delhi,28.739525387554178,77.20608235163978,Assault,2023-12-24,11:10
Mumbai,18.995596438270034,72.81406936767358,Burglary,2023-08-23,12:04
Delhi,28.568835775841006,77.17828225146617,Burglary,2023-01-15,14:29
Mumbai,19.12251839985007,72.84220998929648,Snatching,2023-04-05,10:20
Mumbai,18.94119635194052,72.90116275691588,Theft,2024-02-20,21:17
Mumbai,19.01265003805971,72.79753319550272,Snatching,2023-08-24,21:44
Kolkata,22.467641676818292,88.47444253952418,Theft,2023-01-07,01:39
Delhi,28.772062149188,77.09925786719735,Snatching,2023-07-31,01:20
Kolkata,22.565327054906035,88.37347768053942,Snatching,2024-07-13,20:56
Delhi,28.74550553965261,77.20292762987155,Snatching,2023-02-15,02:00
Chennai,13.045859778166752,80.20006474613379,Snatching,2023-04-04,13:38
Mumbai,18.94807473535608,72.96126003042748,Assault,2024-08-16,19:48
Bangalore,12.801807229451452,77.46341044683263,Theft,2023-08-05,00:56
Mumbai,18.908664218180466,72.70349581851954,Assault,2024-01-28,10:05
Delhi,28.589038638530962,77.06826672292183,Snatching,2023-04-08,05:26
Chennai,12.914706204682162,80.24800523100858,Theft,2024-03-18,23:03
Chennai,13.145802876746519,80.20400041091148,Snatching,2023-07-26,15:18
Delhi,28.648267217548817,77.18826568957681,Robbery,2023-10-28,22:32
Delhi,28.547466903215735,77.24225937747674,Snatching,2023-01-19,08:19
Chennai,13.197932519009214,80.26788158479386,Burglary,2023-04-24,18:04
Chennai,13.154377731194064,80.2163253309045,Theft,2024-05-05,12:47
Mumbai,19.132143092720828,72.9294820162748,Assault,2024-03-19,01:41
Kolkata,22.659937101309854,88.46321621012773,Burglary,2023-06-27,15:03
Bangalore,12.984920388498647,77.60198210240632,Theft,2024-07-14,04:14
Kolkata,22.454107071793587,88.44726375861758,Assault,2023-05-19,00:08
Mumbai,19.067348337750424,72.73499676868755,Burglary,2024-05-30,03:36
Delhi,28.555115576005363,77.01959789959504,Assault,2024-05-03,23:09
Chennai,12.968360109916473,80.11458488935534,Assault,2023-04-16,22:36
Bangalore,12.891086873365483,77.71030330692949,Assault,2023-11-27,01:51
Chennai,13.123695498660696,80.21125377983385,Robbery,2023-07-03,20:26
Chennai,13.197097588999952,80.21553251150402,Assault,2023-06-29,16:11
Chennai,13.011942811595588,80.29679495252202,Snatching,2023-04-01,07:15
Chennai,12.97978808435768,80.17478936863694,Burglary,2023-09-20,12:06
Bangalore,12.904729729263622,77.73227390142696,Theft,2024-08-19,14:58
Chennai,13.108365438948036,80.13139365296988,Robbery,2024-04-09,09:42
Chennai,13.158143150933519,80.11802340759284,Snatching,2023-04-22,08:17
Chennai,13.081966904158712,80.18223421790103,Robbery,2023-05-26,11:24
Delhi,28.61466113978586,77.20448855729232,Theft,2023-12-19,13:08
Kolkata,22.698280349908842,88.26536820593076,Theft,2023-01-12,14:31
Delhi,28.6946352051591,77.13968399013669,Robbery,2024-02-08,18:48
Mumbai,19.176223924519263,72.75845137045435,Burglary,2023-10-01,13:40
Kolkata,22.475903575531397,88.2480055899423,Assault,2023-04-09,20:47
Mumbai,19.110186672958836,72.83889368140686,Burglary,2024-04-21,23:34
Chennai,13.039181583924389,80.18164794577415,Theft,2024-07-28,19:40
Bangalore,12.979876098074078,77.56272153411562,Robbery,2024-05-14,19:26
Kolkata,22.615427053200808,88.25569963683132,Robbery,2023-11-16,16:20
Delhi,28.545637670133665,77.2893273277175,Theft,2024-04-12,07:36
Delhi,28.720171691737097,77.12009714297776,Assault,2024-02-09,19:17
Mumbai,19.14417926769944,72.76400581458066,Burglary,2023-08-03,05:41
Bangalore,13.158041729995945,77.64964837454227,Burglary,2023-09-21,13:44
Kolkata,22.428531180310927,88.4076465281408,Robbery,2024-01-15,22:23
Chennai,13.103379646695071,80.27851494417848,Robbery,2023-11-29,08:24
Bangalore,13.069835254065746,77.53468351088496,Assault,2023-01-11,09:34
Mumbai,19.179830223418858,72.76695321014427,Assault,2024-06-03,05:15
Delhi,28.762989771867876,77.15723786130813,Snatching,2023-06-23,00:29
Bangalore,12.918098009526604,77.78402880847719,Theft,2023-06-09,20:51
Delhi,28.619620327765578,77.05563690949552,Theft,2023-11-10,19:24
Delhi,28.732151509067926,77.21911000231192,Burglary,2024-02-12,13:45
Chennai,13.072853479853135,80.2145624251675,Snatching,2023-04-08,08:48
Bangalore,12.887047691496901,77.52151283198548,Theft,2023-07-14,20:43
Delhi,28.548644719314126,77.23637797058376,Burglary,2024-06-20,13:17
Kolkata,22.53017713813406,88.45427703371962,Robbery,2024-07-12,17:24
Mumbai,18.970182070556977,72.88467039265885,Snatching,2023-02-10,13:58
Delhi,28.657720841563844,77.07858911789188,Snatching,2024-06-01,02:56
Kolkata,22.662931007208122,88.2953289964734,Snatching,2023-05-18,19:15
Bangalore,12.861238356852368,77.72460944163022,Theft,2023-01-10,04:58
Mumbai,18.929051019117416,72.76129337549114,Robbery,2023-08-22,05:05
Bangalore,13.16955063679405,77.687104186191,Theft,2023-04-01,15:50
Chennai,13.024832167208052,80.29963537659998,Theft,2024-07-03,21:34
Chennai,13.158093039687463,80.15056248544718,Assault,2023-03-24,11:19
Kolkata,22.548401629773227,88.20846772906604,Snatching,2024-05-28,12:37
Bangalore,12.966284781527893,77.68845394893046,Burglary,2023-09-01,05:14
Chennai,13.008208260518957,80.20544649379192,Snatching,2023-08-16,05:43
Delhi,28.56124406861809,77.25871996050178,Robbery,2023-11-18,08:31
Chennai,12.957456091762802,80.25381681860549,Robbery,2024-07-26,17:24
Chennai,12.96289080541177,80.26427925582918,Theft,2023-12-15,11:20
Chennai,12.954858030064452,80.2063976303135,Robbery,2023-04-22,04:02
Delhi,28.502454904473844,77.04687698818496,Theft,2023-06-06,18:27
Delhi,28.535652797205184,77.23564098917015,Snatching,2023-09-08,04:29
Kolkata,22.579497381786453,88.29455215473467,Robbery,2023-10-21,22:25
Bangalore,13.08603168342108,77.58735991825328,Burglary,2023-12-12,14:46
Bangalore,12.869612273899863,77.53781776206698,Snatching,2023-05-06,02:54
Delhi,28.699451993195655,77.16636765506148,Snatching,2023-09-23,22:07
Delhi,28.57248926043496,77.07612309152871,Burglary,2023-06-06,12:26
Kolkata,22.485434768340347,88.41675343812055,Snatching,2023-03-24,05:18
Bangalore,12.829109335475477,77.79413927599364,Snatching,2024-02-12,16:01
Chennai,12.962126578446508,80.23127113106875,Theft,2023-09-22,13:44
Kolkata,22.619790109110703,88.24197868833242,Burglary,2023-09-26,23:12
Mumbai,19.033100173152228,72.8570116631327,Assault,2024-06-14,12:33
Chennai,12.903873973329668,80.12865352846177,Robbery,2023-01-04,12:28
Kolkata,22.53761994949344,88.280012272677,Burglary,2023-10-28,10:56
Delhi,28.720902501861506,77.02222137510444,Robbery,2023-03-19,00:08
Kolkata,22.523300700701533,88.47320736958297,Snatching,2024-06-26,12:08
Chennai,13.150711210467357,80.2784094535427,Robbery,2024-03-30,04:59
Kolkata,22.532540029241314,88.22728950524254,Robbery,2024-01-29,01:30
Chennai,12.916802555835787,80.20441839607052,Snatching,2023-06-05,21:25
Bangalore,13.038385340273333,77.50829171136553,Theft,2023-08-01,21:04
Kolkata,22.48999200918824,88.24736832117684,Burglary,2023-01-09,04:18
Mumbai,19.07264346487721,72.77668107203141,Assault,2024-05-24,02:35
Delhi,28.703494631297733,77.05683933234107,Theft,2024-03-19,12:47
Kolkata,22.548841821685738,88.28282492729424,Burglary,2024-02-23,21:11
Mumbai,18.961375422482767,72.9202460021516,Snatching,2023-09-17,16:25
Mumbai,19.177762218075923,72.86604171138461,Snatching,2023-09-27,10:47
Mumbai,18.93249276760582,72.83212358291358,Robbery,2023-12-06,13:20
Kolkata,22.51659353143444,88.48352070019729,Assault,2023-06-27,17:01
Mumbai,19.056139384704938,72.91022396714968,Snatching,2024-01-03,18:54
Delhi,28.57189699951964,77.07160583708985,Snatching,2023-08-09,00:17
Chennai,12.977908128774729,80.19161773008074,Theft,2024-06-08,17:48
Mumbai,19.06744107084379,72.9859157985386,Burglary,2023-10-02,10:13
Chennai,13.031683092903334,80.25919687000602,Robbery,2023-02-21,03:46
Mumbai,19.175691001373306,72.78432363643694,Assault,2023-07-10,11:02
Bangalore,12.977623958543457,77.51770270606646,Assault,2023-01-14,19:08
Mumbai,19.069853093011446,72.81602704591721,Robbery,2023-06-23,09:41
Mumbai,18.94113601069041,72.70091469290132,Theft,2023-09-23,05:19
Chennai,13.041987949972995,80.13075491625439,Snatching,2023-09-13,04:39
Mumbai,19.0332634365862,72.73243607457938,Burglary,2024-08-08,20:48
Chennai,12.983879122759191,80.18115051087854,Assault,2023-08-24,05:34
Delhi,28.716073953338327,77.20096210454456,Burglary,2023-09-01,13:46
Kolkata,22.68162956565501,88.4935179102263,Theft,2023-07-23,14:50
Kolkata,22.52383338988347,88.4236979726724,Snatching,2023-05-27,15:01
Kolkata,22.634243712122416,88.36946737822574,Theft,2023-07-01,22:07
Mumbai,18.94977468072991,72.88835657998874,Snatching,2024-03-03,06:37
Bangalore,13.073945235470333,77.6110622298091,Assault,2023-06-14,13:07
Mumbai,19.140117119926373,72.94428247409184,Theft,2024-08-15,02:00
Mumbai,18.96949207675315,72.76972151976919,Burglary,2024-07-24,09:03
Bangalore,13.055924533643713,77.57971317281442,Assault,2024-05-18,20:44
Delhi,28.558576392602497,77.13239471803963,Theft,2023-09-27,06:59
Kolkata,22.61568259994845,88.39764974620942,Snatching,2023-05-31,11:14
Kolkata,22.528757554890024,88.46526774929455,Burglary,2024-04-11,00:22
Delhi,28.694707204233637,77.0099201756001,Snatching,2023-08-22,16:38
Mumbai,19.147773874480688,72.78943851466786,Burglary,2024-07-10,10:36
Mumbai,19.127129780326584,72.797308225285,Assault,2023-05-26,11:11
Kolkata,22.6019951051439,88.32613842172478,Snatching,2023-09-28,00:14
Chennai,13.061804656849171,80.13121110692097,Robbery,2023-08-28,02:02
Bangalore,12.833944059808468,77.66438574539593,Snatching,2024-05-24,15:01
Mumbai,19.043640605377835,72.96489024975689,Burglary,2023-08-19,14:44
Delhi,28.706288187924027,77.0984682517734,Theft,2023-04-19,09:48
Kolkata,22.6052414539652,88.43207514733668,Theft,2024-07-16,20:47
Chennai,13.05803680406453,80.18273506051479,Robbery,2023-12-09,04:27
Mumbai,18.943870698310153,72.75168055246624,Theft,2023-08-03,16:38
Chennai,12.920372684348555,80.22204321450707,Theft,2023-08-30,07:45
Kolkata,22.40092960112942,88.39045951299903,Burglary,2023-08-03,15:25
Kolkata,22.517440624268982,88.49801127149738,Snatching,2023-11-01,18:25
Mumbai,19.180447011519977,72.80996818520627,Robbery,2023-09-20,02:49
Mumbai,19.042360278255334,72.90055073604312,Burglary,2023-06-25,06:51
Mumbai,18.93385552976807,72.9129615271128,Snatching,2024-05-07,17:15
Chennai,12.905079769809225,80.28755059045385,Burglary,2023-07-18,01:41
Kolkata,22.63967454625505,88.2416373680515,Assault,2024-03-12,21:11
Mumbai,18.99630573397779,72.82824846872502,Robbery,2024-08-19,06:46
Chennai,12.961284354381194,80.2681228024233,Assault,2023-10-12,06:37
Bangalore,12.855696269201276,77.53113614322339,Robbery,2023-01-01,07:44
Mumbai,18.924048825264556,72.79304074951474,Robbery,2024-02-20,13:06
Mumbai,19.036168670969303,72.95545304722876,Theft,2024-01-04,23:42
Mumbai,19.119656700177327,72.78749933602782,Theft,2023-08-08,14:50
Chennai,13.123998701425819,80.18083299054373,Assault,2024-06-29,03:46
Kolkata,22.55024395927922,88.29444434770821,Robbery,2024-07-16,06:44
Delhi,28.78320718405223,77.29344600499319,Burglary,2023-04-28,22:18
Bangalore,12.90965503878209,77.4007879433776,Theft,2024-01-08,08:05
Delhi,28.772611488044525,77.22306245941355,Theft,2024-05-23,08:05
Chennai,12.94425046292318,80.1333094823014,Snatching,2023-08-02,07:08
Delhi,28.5761109510214,77.28293160051844,Robbery,2023-09-02,09:17
Kolkata,22.47710075958709,88.26314350790781,Burglary,2024-06-12,02:30
Chennai,13.130356784593111,80.20431718138231,Burglary,2023-12-13,22:21
Mumbai,18.976448253292354,72.84636300490585,Snatching,2023-02-22,04:01
Mumbai,19.034517273345266,72.73364953899747,Snatching,2024-02-03,07:36
Bangalore,12.857920978166717,77.73366431745326,Snatching,2024-01-11,03:12
Kolkata,22.52393693837555,88.4216016351678,Burglary,2024-04-02,19:38
Mumbai,19.043100125145816,72.71679021193145,Assault,2023-06-14,11:42
Bangalore,13.12907459500675,77.40930500536061,Theft,2023-04-17,11:31
Delhi,28.63858112121651,77.25986077603316,Theft,2024-05-30,23:01
Bangalore,12.945077297445778,77.50264578226191,Theft,2024-01-14,00:44
Kolkata,22.556241522637965,88.32180421419343,Assault,2024-03-18,23:22
Bangalore,13.016763909765585,77.53578173572724,Snatching,2023-01-28,07:58
Mumbai,18.94001498250328,72.9591539756193,Robbery,2023-02-03,16:34
Mumbai,19.002710487906857,72.95564704168908,Snatching,2023-11-01,04:29
Delhi,28.674258219911387,77.1288748106922,Assault,2024-05-19,09:25
Bangalore,13.028587128688082,77.52763506196116,Theft,2023-04-09,07:07
Mumbai,18.960824185338677,72.81590584283383,Theft,2023-12-26,14:05
Delhi,28.584395997023183,77.25913499788811,Assault,2024-07-14,14:57
Chennai,13.171527992453013,80.129039286604,Assault,2023-03-31,23:19
Mumbai,18.978479717544225,72.83238294254588,Snatching,2023-05-22,21:51
Delhi,28.511575508575174,77.00032782638203,Burglary,2023-04-21,13:59
Chennai,13.141446799527474,80.28304415641884,Snatching,2023-12-12,01:09
Chennai,12.916646361879897,80.13696132282628,Theft,2023-11-17,15:12
Mumbai,18.95906676471575,72.9490519963853,Assault,2024-08-22,11:08
Chennai,13.15078077544429,80.11193962050629,Snatching,2023-03-22,11:46
Mumbai,19.006665419173753,72.79170789755587,Snatching,2023-05-30,15:11
Chennai,13.029017175554312,80.19602285364805,Snatching,2024-04-29,17:36
Delhi,28.626150636133904,77.2242906223939,Assault,2024-06-27,05:01
Kolkata,22.526103504080837,88.4177553930924,Robbery,2023-06-14,10:09
Kolkata,22.521138296150948,88.37920685704951,Robbery,2024-04-11,04:13
Chennai,13.09338930647452,80.13866661973137,Assault,2023-12-13,20:59
Mumbai,19.009381594055018,72.96795035361293,Theft,2023-01-05,17:49
Bangalore,12.963195750812451,77.73017698744138,Theft,2024-08-18,01:45
Chennai,12.972695559350948,80.28987857354608,Theft,2023-08-02,08:56
Chennai,13.039920793483262,80.18752233597954,Theft,2023-07-27,08:33
Chennai,13.05921425186721,80.23559853054427,Theft,2024-03-01,08:23
Bangalore,13.053139293646934,77.46521936111428,Burglary,2023-12-21,09:11
Bangalore,13.100408399986431,77.71158025561623,Theft,2024-02-24,09:07
Chennai,13.068968235546768,80.10536276677952,Theft,2024-05-07,20:42
Delhi,28.788109608783014,77.09006120675598,Assault,2023-09-06,12:57
Mumbai,18.920562627869487,72.83379499826705,Snatching,2024-07-24,08:22
Chennai,13.099506263837082,80.29071226868152,Theft,2023-07-15,16:04
Kolkata,22.47103271948708,88.33528269980482,Assault,2023-12-08,06:46
Delhi,28.759539957626046,77.27579495200469,Burglary,2023-03-25,14:12
Mumbai,19.05201557645626,72.8153917213597,Assault,2023-11-21,22:35
Mumbai,18.997127367769348,72.8383763969931,Snatching,2024-08-01,20:31
Delhi,28.61402006023352,77.20373557961116,Burglary,2023-03-02,05:02
Chennai,12.943094254091317,80.24767891570859,Theft,2023-06-20,09:38
Mumbai,19.0566603208705,72.95057597838439,Robbery,2023-09-18,14:59
Delhi,28.762747407926145,77.13628131444631,Theft,2023-03-16,03:00
Bangalore,13.178884647895883,77.5998116346218,Assault,2024-04-26,09:48
Bangalore,12.973904175963359,77.41257487663063,Theft,2023-03-28,12:11
Mumbai,18.928305750544347,72.86705377910418,Theft,2024-04-07,03:01
Bangalore,13.082360744760171,77.41035324121005,Burglary,2023-11-29,15:04
Bangalore,12.9526470977808,77.55847331501198,Burglary,2024-01-22,02:20
Chennai,13.079475593821751,80.19134546201458,Burglary,2024-06-25,05:55
Mumbai,19.022656528612096,72.98321011455798,Snatching,2023-08-23,06:54
Chennai,13.154423673830806,80.18343785863671,Burglary,2024-08-13,07:42
Kolkata,22.499569709533006,88.39826719201696,Assault,2023-11-15,12:32
Bangalore,13.17087446646867,77.58665445990944,Robbery,2023-11-22,04:29
Mumbai,18.98276569249018,72.88258651109076,Burglary,2023-05-06,02:15
Chennai,13.166723387978939,80.26063206098797,Assault,2024-07-13,16:47
Chennai,12.990707296096888,80.23708769008827,Robbery,2024-07-11,06:47
Delhi,28.68048153654975,77.27524577258487,Theft,2023-01-23,13:01
Bangalore,12.933092734658414,77.45262383899174,Robbery,2023-08-21,17:47
Chennai,12.945198099659539,80.21747237340091,Theft,2024-07-31,12:58
Kolkata,22.480599075645596,88.33564979862668,Assault,2023-06-04,16:52
Kolkata,22.58889834536761,88.44281341545857,Theft,2023-04-14,20:12
Delhi,28.65960843250807,77.09509836127394,Theft,2023-05-25,12:12
Bangalore,13.004949210689102,77.5463881394465,Assault,2024-06-08,08:02
Kolkata,22.672358006337404,88.45212602953214,Assault,2023-01-17,09:38
Bangalore,12.823848243033947,77.77029733829461,Burglary,2024-03-14,13:31
Kolkata,22.64712722472781,88.24397211358132,Assault,2023-09-16,16:51
Kolkata,22.645650856683005,88.30420785485539,Theft,2023-09-15,16:24
Bangalore,12.843026491426876,77.72255170820935,Theft,2024-04-25,16:38
Mumbai,19.021906263674225,72.93769257421543,Burglary,2024-01-25,04:44
Chennai,12.982954655525994,80.24310062282505,Theft,2024-06-08,06:11
Chennai,13.04223835044605,80.23022581709405,Assault,2023-07-19,23:08
Chennai,13.198543614605876,80.1493716781456,Burglary,2024-02-06,15:20
Chennai,13.042600878232008,80.20883413027656,Theft,2024-05-19,04:09
Mumbai,19.098133773592874,72.84851251852896,Assault,2023-11-14,11:54
Bangalore,12.911345731834537,77.4169032731144,Theft,2024-02-02,05:03
Bangalore,13.010964026277229,77.4580183840196,Theft,2023-10-02,03:44
Kolkata,22.56579105815288,88.40344771635813,Assault,2024-04-28,23:32
Mumbai,19.088616942819336,72.88921323758782,Theft,2023-09-05,15:47
Bangalore,13.163297549925696,77.73709493909203,Robbery,2023-03-27,05:45
Chennai,13.023723633009588,80.18483796328505,Robbery,2023-06-22,11:17
Mumbai,19.035069397549535,72.7917035855196,Snatching,2023-07-07,05:15
Mumbai,18.910876796405933,72.76782917122341,Theft,2023-10-12,15:27
Bangalore,13.045908538696189,77.60398073934448,Burglary,2023-07-12,17:48
Bangalore,13.087475812353913,77.41066066558842,Robbery,2023-05-05,13:23
Bangalore,12.891373437971797,77.54230097808556,Robbery,2024-06-27,20:28
Chennai,12.976559871778383,80.28941051311794,Burglary,2023-06-23,00:17
Kolkata,22.640071868492843,88.24351629793033,Burglary,2023-01-22,19:15
Mumbai,18.934364371537264,72.91632730694383,Robbery,2023-07-11,21:56
Kolkata,22.62269273418796,88.45541934112802,Burglary,2023-03-11,10:00
Chennai,12.904527569192679,80.20632218515884,Theft,2023-06-05,07:13
Kolkata,22.47813052470449,88.44695131509303,Theft,2023-12-11,04:42
Mumbai,19.178445440747478,72.83060302418428,Snatching,2024-03-31,18:23
Delhi,28.66462513073809,77.19576293964663,Burglary,2023-02-23,18:36
Mumbai,18.932990692423175,72.71063969759655,Theft,2023-01-24,11:53
Bangalore,13.1035697035021,77.7120864319343,Robbery,2023-11-15,14:37
Chennai,13.17783034472634,80.22879681382827,Burglary,2023-07-02,16:50
Bangalore,12.956349754457058,77.45151697322525,Theft,2023-11-26,15:17
Bangalore,12.863237440501546,77.42057410620997,Snatching,2023-08-07,01:25
Delhi,28.745590279308455,77.25935202243168,Assault,2023-05-26,22:22
Delhi,28.54291482978239,77.20384599624995,Burglary,2023-04-20,12:19
Bangalore,13.019337112100944,77.56718783607901,Snatching,2024-02-24,15:07
Chennai,13.126636715443286,80.20795175444654,Burglary,2023-09-09,20:30
Bangalore,13.035406680311752,77.69229350500574,Robbery,2023-07-17,17:17
Bangalore,13.105508064915574,77.64663543371162,Assault,2024-01-12,14:36
Chennai,13.08585866321863,80.12710404999861,Burglary,2024-03-24,20:58
Mumbai,19.19283003028835,72.7065354951449,Robbery,2023-01-29,00:39
Chennai,12.954954779071755,80.15098755719889,Burglary,2023-03-26,06:31
Delhi,28.52371262489812,77.12171437092155,Assault,2023-04-02,23:42
Chennai,12.97545125476999,80.26430080584521,Robbery,2023-04-18,11:12
Delhi,28.643942379034776,77.04181500659568,Theft,2024-05-17,00:34
Delhi,28.516577825384232,77.04056454460175,Assault,2024-03-06,06:45
Bangalore,12.929094132546968,77.45128479196238,Theft,2024-04-27,16:28
Kolkata,22.508490084993063,88.3051755959761,Robbery,2023-12-19,12:58
Kolkata,22.468923411102832,88.39334478220329,Robbery,2023-10-07,12:00
Delhi,28.59415389293857,77.08385352697658,Assault,2023-08-23,23:02
Delhi,28.538223256763086,77.2739574659354,Snatching,2023-11-11,17:16
Chennai,13.170793613711593,80.11436155749718,Robbery,2023-04-08,01:18
Kolkata,22.40473863000239,88.28114054470176,Burglary,2024-05-05,06:32
Delhi,28.62419312370499,77.08630850194356,Theft,2024-01-27,18:45
Delhi,28.667651531945324,77.16567218550043,Robbery,2024-05-16,16:28
Delhi,28.757703493145435,77.19222227251156,Theft,2023-01-06,17:59
Delhi,28.56226820795253,77.10333425469874,Robbery,2023-09-11,03:55
Chennai,12.97042350807331,80.21927784825357,Snatching,2023-10-15,17:23
Bangalore,12.877696137264609,77.64814281710574,Theft,2023-03-17,04:38
Kolkata,22.55212648556175,88.31064780556638,Theft,2024-01-04,21:25
Chennai,13.002113194342252,80.29981766487052,Snatching,2023-09-08,04:34
Bangalore,13.165884139808076,77.43791307222502,Burglary,2023-11-24,17:15
Bangalore,13.197390708323317,77.42629020090293,Robbery,2024-01-13,07:06
Mumbai,19.1712681602999,72.91806113318312,Robbery,2023-09-09,17:39
Kolkata,22.65896881646518,88.3367134164131,Robbery,2024-04-30,12:37
Mumbai,18.993329862877385,72.82543089198168,Burglary,2023-01-30,08:57
Chennai,13.128482988500933,80.17071353625123,Snatching,2024-04-23,02:39
Bangalore,12.93355199852536,77.4943704309463,Robbery,2023-02-02,19:55
Kolkata,22.676302618288556,88.28994834654804,Burglary,2023-05-19,20:37
Kolkata,22.53344289011794,88.43367803005599,Robbery,2023-01-23,21:57
Mumbai,19.151497993762852,72.8744176280306,Robbery,2024-07-14,17:48
Chennai,13.004628021547987,80.22005114783222,Assault,2023-07-07,15:53
Mumbai,18.97140939088554,72.75309709950324,Assault,2023-11-11,04:34
Kolkata,22.692357002623158,88.23168689801226,Theft,2023-02-23,13:33
Delhi,28.70378391544619,77.2348978411638,Burglary,2024-04-20,03:16
Mumbai,18.978547243710167,72.82758717378783,Burglary,2023-07-09,17:20
Kolkata,22.52989803786701,88.37654978766575,Burglary,2023-05-16,16:19
Mumbai,19.04757455733959,72.7596837968493,Assault,2024-01-01,21:17
Mumbai,19.02080787943005,72.9285265335975,Theft,2024-08-14,19:35
Bangalore,12.977143264883235,77.51327125952139,Assault,2024-03-18,09:56
Kolkata,22.529864722992155,88.3919186041797,Assault,2023-12-12,17:45
Kolkata,22.45140427273368,88.22576461017793,Burglary,2023-10-25,20:32
Delhi,28.635914116656135,77.06756579290793,Assault,2024-04-29,13:34
Bangalore,12.998184258699055,77.70995506885858,Burglary,2023-11-17,22:47
Chennai,13.11220946894356,80.1808269254886,Burglary,2023-06-22,20:10
Chennai,13.131532928631744,80.26563380914037,Snatching,2023-01-14,16:39
Chennai,13.09997178376735,80.11722565698521,Assault,2024-07-03,08:25
Delhi,28.654375436582733,77.14702084430928,Snatching,2024-01-03,20:56
Mumbai,19.17544961554387,72.87425930956589,Assault,2023-06-26,00:26
Delhi,28.743021830052,77.24475775638905,Assault,2023-05-31,03:28
Bangalore,13.046177372983445,77.77133050646185,Burglary,2024-07-08,19:48
Mumbai,18.974907571262335,72.86617766524579,Snatching,2023-12-26,07:11
Bangalore,13.104429094509513,77.61065510316296,Burglary,2023-01-07,06:03
Delhi,28.651086856236056,77.00919540009508,Snatching,2023-04-12,12:52
Chennai,13.024015568877564,80.21067848436368,Burglary,2023-01-11,01:04
Delhi,28.7461548863332,77.27946948924033,Theft,2024-08-01,05:05
Mumbai,19.09010224687098,72.70181689339131,Theft,2023-10-13,19:33
Delhi,28.7405165030524,77.24078862306796,Burglary,2023-06-04,23:44
Chennai,13.118191901472118,80.19627363605272,Robbery,2023-07-24,13:12
Bangalore,12.840247678443431,77.51407512284351,Robbery,2024-05-22,01:24
Kolkata,22.445561432735577,88.45065199456558,Robbery,2023-07-30,03:26
Mumbai,19.102961299061647,72.92923697163192,Snatching,2024-06-10,05:39
Kolkata,22.67794063494211,88.24741520754527,Burglary,2024-04-13,10:45
Bangalore,13.088594318949855,77.57449795039847,Snatching,2023-08-07,11:21
Chennai,13.113939031277887,80.13181205879646,Robbery,2024-06-05,05:47
Kolkata,22.47660327738336,88.28329188931278,Snatching,2024-05-28,19:54
Kolkata,22.684099915083223,88.28296767802065,Snatching,2023-08-18,07:28
Delhi,28.740551472392788,77.10507155666518,Assault,2023-09-11,06:38
Delhi,28.797931794035634,77.19253438785272,Robbery,2023-07-02,06:19
Bangalore,13.080541137717924,77.58306183154465,Assault,2023-09-20,20:57
Chennai,12.938180800539884,80.27378158680722,Assault,2023-06-23,13:49
Kolkata,22.58024979541721,88.33235325819881,Snatching,2023-01-02,23:56
Kolkata,22.537701583363827,88.42045322102656,Robbery,2023-10-29,12:45
Mumbai,19.00947019096743,72.94018292250286,Burglary,2024-01-05,05:34
Bangalore,12.843159214157533,77.79943802711766,Robbery,2024-08-11,07:31
Mumbai,19.12407906081731,72.77998107390935,Theft,2023-11-08,01:43
Kolkata,22.550463988781132,88.38903309823357,Assault,2024-01-24,05:27
Delhi,28.502876747017112,77.23374075320054,Assault,2024-01-01,13:16
Mumbai,19.157971152686503,72.72682238450385,Robbery,2024-08-11,23:03
Delhi,28.681862987731108,77.27570008645851,Burglary,2023-02-06,23:37
Mumbai,18.925174680317824,72.83005312057581,Burglary,2024-07-21,04:59
Delhi,28.627238205466828,77.21859717241311,Burglary,2023-08-06,00:15
Delhi,28.662163362594743,77.26408022045287,Robbery,2023-07-09,05:09
Delhi,28.549129203419806,77.10957417399537,Assault,2023-09-05,08:30
Mumbai,19.058747351020497,72.85447201208635,Snatching,2024-04-07,02:59
Chennai,12.99070746791796,80.1667161216173,Snatching,2023-08-05,19:32
Kolkata,22.56403710661309,88.30813734610526,Burglary,2024-01-29,18:10
Mumbai,19.164873276641206,72.97051110326055,Burglary,2023-05-23,14:00
Delhi,28.698334123962923,77.11779275113167,Burglary,2023-10-03,14:15
Delhi,28.546759113898805,77.23650364673732,Burglary,2024-03-10,06:02
Kolkata,22.48207922215323,88.28522850155733,Burglary,2023-11-04,06:12
Mumbai,19.01867941785974,72.76602816165352,Theft,2023-02-14,21:25
Mumbai,19.082637970228593,72.9302289065156,Burglary,2023-12-29,17:54
Delhi,28.636278708380548,77.130275310222,Robbery,2024-06-02,02:16
Kolkata,22.630737156288863,88.47720398350494,Snatching,2024-04-20,09:02
Kolkata,22.538954594051226,88.42925698070694,Assault,2023-09-18,04:24
Bangalore,13.122660127625853,77.52843648113121,Assault,2023-07-01,15:53
Delhi,28.658714857632777,77.02896009189412,Assault,2023-04-09,15:53
Bangalore,12.992168961907327,77.6179780659567,Snatching,2024-05-30,15:53
Mumbai,18.978637059482903,72.71496936552334,Assault,2023-05-30,01:16
Bangalore,12.984405922237169,77.45249916105475,Burglary,2023-07-30,12:11
Delhi,28.538887455705012,77.09886237873737,Burglary,2023-07-23,13:20
Delhi,28.60112951654891,77.23907283046586,Burglary,2023-04-11,09:33
Delhi,28.781325773387238,77.1983999522205,Robbery,2023-08-17,23:47
Kolkata,22.443790166771603,88.39722958116835,Burglary,2023-10-20,13:03
Chennai,13.132978992793413,80.29502476274446,Theft,2023-01-15,11:19
Kolkata,22.60076464986298,88.49379752742502,Robbery,2023-01-08,05:35
Bangalore,13.132987653688064,77.6355003316069,Theft,2024-03-15,20:36
Bangalore,12.954339398589967,77.73919893264465,Snatching,2023-01-11,10:25
Delhi,28.62083217034419,77.058112586273,Assault,2024-06-13,13:17
Chennai,13.06856294985248,80.11723399203836,Theft,2024-07-04,18:34
Kolkata,22.52091647453448,88.37427427925202,Robbery,2023-04-19,12:11
Bangalore,12.872961617112292,77.43334715675569,Assault,2024-04-01,10:12
Delhi,28.660133487364288,77.16170048116639,Robbery,2023-12-09,17:19
Chennai,13.166835362169868,80.14677043106674,Burglary,2023-01-17,15:33
Kolkata,22.50643970030076,88.20116775017324,Theft,2024-06-11,02:22
Kolkata,22.477652566199126,88.46783272054735,Assault,2023-03-19,12:55
Kolkata,22.616494573612584,88.3167538133334,Robbery,2024-05-31,05:23
Bangalore,13.142682373517793,77.6572637326324,Snatching,2023-08-06,06:10
Chennai,13.028014577481212,80.25196591191775,Assault,2024-05-18,15:54
Kolkata,22.52792359753194,88.33280588815408,Theft,2023-07-12,01:27
Mumbai,18.934809674039773,72.96237780889446,Robbery,2024-03-01,23:25
Kolkata,22.534028243409132,88.27844358237891,Snatching,2023-05-07,00:40
Kolkata,22.45825829175487,88.37848666467721,Robbery,2024-06-02,09:43
Mumbai,19.19335036981867,72.76137721769489,Theft,2024-08-05,10:39
Kolkata,22.660605574059776,88.26947160288475,Assault,2024-03-15,13:45
Delhi,28.65519004580429,77.17601167731422,Snatching,2024-01-18,23:37
Mumbai,19.010749104023663,72.86868596237049,Robbery,2023-02-20,17:01
Mumbai,19.16178203631751,72.88176926360481,Theft,2024-03-31,20:34
Mumbai,19.032152072683623,72.92490032596108,Theft,2023-10-07,22:26
Kolkata,22.437752510774953,88.284388141751,Snatching,2023-12-29,07:21
Delhi,28.577079455402863,77.09472534966244,Snatching,2023-11-06,10:35
Bangalore,12.899145656059602,77.72108084851985,Robbery,2024-04-08,14:29
Chennai,12.928111087089762,80.13078094174703,Theft,2024-01-14,14:24
Mumbai,18.95339180784364,72.72845157173813,Theft,2023-04-06,06:45
Bangalore,12.909486601982124,77.41102952518833,Burglary,2023-01-06,08:08
Bangalore,13.024357162520985,77.41744181539273,Assault,2023-10-08,21:11
Kolkata,22.505467798870136,88.42584356083873,Robbery,2023-02-24,14:10
Kolkata,22.697665442635877,88.49481531229088,Snatching,2023-01-27,16:10
Delhi,28.600311150282643,77.18830304748543,Assault,2023-12-11,09:56
Mumbai,18.94802265287483,72.91173769702527,Assault,2024-04-06,08:21
Kolkata,22.476169524291933,88.35727477061613,Snatching,2024-07-20,13:53
Kolkata,22.459812324970457,88.31651286350967,Snatching,2023-08-04,15:05
Delhi,28.51129117546553,77.05027376777096,Assault,2023-04-24,20:33
Mumbai,19.009076782400516,72.9381365122421,Assault,2023-06-14,06:36
Delhi,28.72900954193141,77.2835546589036,Burglary,2023-03-31,19:20
Mumbai,19.13973684408125,72.8676549619617,Robbery,2023-12-01,19:01
Kolkata,22.568253132492313,88.37519712249997,Theft,2024-01-24,15:44
Delhi,28.51968930942897,77.21357269895113,Robbery,2023-02-16,01:34
Bangalore,12.930164825082192,77.4093475475283,Assault,2024-06-09,12:01
Bangalore,13.185046305765583,77.5110871854444,Theft,2024-03-07,12:10
Delhi,28.736720496761745,77.2627061417994,Snatching,2023-01-27,06:20
Delhi,28.644246513845538,77.22794857422254,Snatching,2023-07-01,10:48
Delhi,28.602491871953315,77.1287680909805,Burglary,2024-04-05,03:17
Delhi,28.54239823183188,77.17276216015539,Assault,2023-11-03,06:46
Chennai,13.142236745781034,80.25069537185793,Robbery,2023-10-11,07:34
Kolkata,22.650251322085392,88.48781589012061,Robbery,2023-08-25,07:11
Kolkata,22.58171815633274,88.31088437091447,Assault,2023-10-02,04:23
Kolkata,22.636217535798107,88.4723575358818,Assault,2024-01-12,02:58
Chennai,13.15744869520105,80.17591393987205,Robbery,2023-09-08,20:57
Delhi,28.72967804359699,77.0302679918581,Robbery,2024-03-19,02:11
Chennai,12.939411794891534,80.18120378536422,Theft,2023-06-07,17:04
Bangalore,12.878093725453628,77.78838219434631,Assault,2024-04-04,12:49
Delhi,28.51765436162881,77.18011202201862,Theft,2023-11-23,07:03
Mumbai,19.0696725001401,72.99190974566137,Theft,2023-10-19,03:35
Kolkata,22.481155573845015,88.47845462472267,Theft,2023-02-16,11:31
Mumbai,18.957431325787397,72.88682368566454,Burglary,2023-07-15,01:43
Mumbai,19.024455085371677,72.74683866303936,Robbery,2023-12-18,16:46
Bangalore,12.892010614347882,77.52951926894826,Theft,2023-06-09,08:15
Kolkata,22.446748790447856,88.2987236025578,Robbery,2023-03-08,06:24
Bangalore,12.846868723502105,77.64030773188286,Robbery,2023-04-17,23:31
Bangalore,12.865049534525047,77.54588588161397,Robbery,2023-09-29,15:15
Kolkata,22.551982677557845,88.33740177622117,Theft,2023-08-28,08:28
Bangalore,13.184460611975318,77.74066625569007,Snatching,2024-05-12,21:39
Chennai,13.131833756272258,80.22690582534267,Burglary,2023-08-22,13:29
Bangalore,12.96588016983708,77.62698207322822,Robbery,2023-09-08,17:52
Delhi,28.615301201653196,77.25907086669643,Snatching,2024-06-22,16:33
Delhi,28.64321504454952,77.08245571321261,Robbery,2024-04-04,21:33
Kolkata,22.55302525736321,88.3218303498202,Assault,2023-09-11,22:48
Mumbai,19.155768820414245,72.84892982402626,Snatching,2023-01-10,09:30
Kolkata,22.655801147915607,88.34483482951072,Robbery,2024-03-16,09:36
Kolkata,22.542473536472237,88.27309758117231,Theft,2024-06-17,06:48
Kolkata,22.69381162901981,88.38051949794851,Robbery,2024-07-05,07:53
Bangalore,13.006022879283718,77.45869757435135,Theft,2024-01-17,02:52
Mumbai,19.17367312355799,72.8899115770773,Theft,2024-08-12,06:22
Kolkata,22.584357549125038,88.36521759281072,Assault,2023-11-08,22:24
Delhi,28.71755822359468,77.12471180126443,Theft,2023-05-03,10:00
Mumbai,18.926737818645798,72.95812141670187,Robbery,2023-10-17,10:30
Delhi,28.716409918678806,77.22239217515383,Assault,2023-04-02,20:29
Bangalore,13.187184345287346,77.76541893990289,Burglary,2023-04-05,17:22
Kolkata,22.69348820055495,88.49157810723354,Burglary,2024-03-30,15:47
Delhi,28.582151988619355,77.28712320060663,Theft,2024-03-15,05:59
Kolkata,22.454889711792628,88.35790333744413,Snatching,2024-07-28,06:32
Delhi,28.701789157979928,77.29635866879738,Snatching,2024-08-23,11:28
Delhi,28.630033265434314,77.12749593827603,Assault,2024-03-12,12:36
Mumbai,19.086713931162546,72.90639314632058,Robbery,2023-10-05,19:51
Delhi,28.766975348073636,77.12000887485118,Snatching,2024-04-07,12:11
Bangalore,12.859375774121329,77.43784258784545,Burglary,2023-02-02,01:51
Kolkata,22.659972272978028,88.28097451699156,Assault,2023-07-09,12:47
Mumbai,18.945509772227336,72.92580480816939,Robbery,2024-08-01,19:21
Mumbai,19.012158294146797,72.99428127853865,Robbery,2023-08-24,08:37
Kolkata,22.40379980737558,88.2362683795999,Robbery,2024-03-02,00:06
Bangalore,12.985517273361452,77.58218699336975,Snatching,2024-02-12,10:17
Bangalore,12.983459473247258,77.62268346127789,Assault,2023-12-03,06:58
Mumbai,18.920569939533895,72.7385010958625,Assault,2023-10-21,07:13
Bangalore,12.86276991352669,77.62725300828966,Snatching,2024-02-10,02:54
Chennai,13.14725158320636,80.25275361754076,Theft,2023-01-28,01:44
Chennai,12.92485623965077,80.26974549833116,Snatching,2023-05-11,01:09
Delhi,28.536052779688188,77.07256138659928,Robbery,2024-05-02,08:01
Mumbai,19.13194272202313,72.84489044898187,Burglary,2023-09-06,07:17
Bangalore,13.037193521880049,77.54306817543608,Assault,2023-07-13,19:55
Bangalore,12.85087363077917,77.49942717285437,Assault,2023-05-31,13:48
Chennai,13.125283856698298,80.28555291754222,Robbery,2024-04-19,06:34
Delhi,28.624853648650934,77.16447890928187,Burglary,2024-02-15,20:43
Bangalore,13.086595625143854,77.7584872449209,Burglary,2023-04-27,07:52
Kolkata,22.60998558531186,88.32022399157732,Snatching,2024-07-21,05:54
Kolkata,22.60878852108162,88.43936333295245,Theft,2023-04-17,07:59
Mumbai,19.14560331483913,72.83685417715186,Assault,2023-04-20,14:08
Delhi,28.766492068691996,77.25795674548527,Burglary,2023-02-02,22:48
Kolkata,22.44799559863688,88.3692045463713,Theft,2023-12-15,20:45
Chennai,13.039222258552384,80.18500884044784,Assault,2024-07-11,21:52
Kolkata,22.4950878372911,88.38800033275913,Theft,2024-02-09,11:47
Bangalore,13.005261660522123,77.55472105481219,Snatching,2024-05-21,21:12
Chennai,13.175423120818973,80.18611340162157,Assault,2023-10-02,09:22
Mumbai,19.05735097421643,72.86766930480923,Burglary,2024-07-27,00:47
Mumbai,19.18973094119574,72.91813424586341,Snatching,2024-07-29,11:48
Mumbai,19.01491428595086,72.74193514451215,Theft,2023-09-30,16:04
Delhi,28.505224166724595,77.15267851197856,Snatching,2023-06-30,18:12
Bangalore,13.023717390478874,77.7892969154722,Theft,2023-12-04,19:23
Kolkata,22.670105691069406,88.25263043880074,Snatching,2024-04-06,12:40
Delhi,28.602804839049103,77.29454931915993,Burglary,2024-01-26,14:33
Mumbai,18.94793461732677,72.92221895407833,Snatching,2023-01-18,21:28
Delhi,28.570098132466242,77.08690760224479,Robbery,2023-01-28,02:44
Kolkata,22.42858560445001,88.37869790901865,Snatching,2023-06-27,03:05
Chennai,13.138580900926458,80.18599166655198,Assault,2023-02-01,03:12
Mumbai,18.985488927258356,72.75775337969975,Burglary,2023-08-22,11:49
Mumbai,19.108306795811988,72.92370763673257,Burglary,2024-04-22,09:51
Kolkata,22.652507462356983,88.41604561600015,Assault,2024-08-18,11:30
Chennai,13.09661469692627,80.13541178504302,Assault,2023-03-23,00:11
Chennai,13.167294963163465,80.11692974257419,Theft,2024-01-02,15:23
Bangalore,12.858629379117964,77.70998697595975,Snatching,2023-05-30,04:27
Bangalore,12.85501895311976,77.6339882380379,Theft,2023-09-10,12:54
Mumbai,18.984181604595577,72.73306463170528,Burglary,2024-05-18,22:09
Bangalore,13.193705232010215,77.41247235483814,Theft,2024-04-10,07:49
Kolkata,22.61299981476882,88.48805282453073,Snatching,2024-02-18,22:14
Bangalore,13.013199549597449,77.56254578488306,Robbery,2024-05-25,21:20
Chennai,12.99667481539278,80.12252927338675,Assault,2023-12-13,05:01
Mumbai,19.09863389764207,72.81580132807332,Theft,2024-05-12,18:47
Kolkata,22.691365415312696,88.34585070622761,Snatching,2023-03-18,13:36
Delhi,28.672399175761026,77.08603350930012,Assault,2023-12-23,23:49
Kolkata,22.43855713426508,88.43836426538091,Assault,2023-05-15,21:39
Kolkata,22.683263244716485,88.2468085798281,Theft,2023-05-12,06:12
Mumbai,19.11216542528603,72.8621105203375,Snatching,2024-05-17,13:39
Bangalore,12.980353469356436,77.4881032756169,Robbery,2023-12-20,23:47
Kolkata,22.558195579934704,88.47541977786918,Snatching,2024-05-27,20:07
Delhi,28.60589726417667,77.27817690775201,Robbery,2023-02-28,16:08
Mumbai,18.998425229008404,72.96699549181626,Assault,2023-08-14,07:07
Delhi,28.583999941297655,77.19296821954613,Burglary,2023-05-22,16:17
Kolkata,22.535926110787877,88.33029612310895,Assault,2024-05-17,17:16
Delhi,28.637463429491483,77.15586401948653,Theft,2023-06-23,13:14
Bangalore,12.824533207939904,77.47705942040356,Snatching,2023-07-08,16:46
Mumbai,18.99699078865593,72.84163872225535,Snatching,2024-03-12,09:20
Delhi,28.77227368384837,77.29119446561198,Theft,2024-02-19,04:32
Mumbai,18.976825429590658,72.93048403739779,Theft,2023-04-08,17:36
Mumbai,19.185062177668648,72.82533666857944,Snatching,2023-10-05,07:58
Chennai,13.013267351223636,80.1844504907333,Snatching,2023-05-11,20:34
Mumbai,19.19534549719394,72.90936298079642,Robbery,2023-05-31,17:48
Mumbai,19.01075256839044,72.74960873979191,Theft,2023-09-23,16:17
Kolkata,22.648795015729327,88.34982794922179,Robbery,2023-10-03,15:02
Delhi,28.585810903401494,77.05469916666226,Burglary,2023-08-14,19:12
Delhi,28.520485212463427,77.06291082643052,Burglary,2023-06-11,10:01
Mumbai,19.04414264760619,72.81675420084427,Assault,2023-04-23,07:54
Mumbai,18.909008411972593,72.92291981453221,Robbery,2024-01-02,18:44
Mumbai,19.089887078272685,72.8825238343794,Burglary,2023-07-16,03:12
Kolkata,22.624832724233542,88.21351210499019,Burglary,2024-07-26,12:35
Mumbai,19.13955741778774,72.84151580265605,Snatching,2023-01-01,11:30
Delhi,28.58955563220687,77.16113406140664,Assault,2023-07-06,00:35
Bangalore,13.127278823107474,77.76587660794802,Assault,2023-10-02,17:51
Delhi,28.53520134229448,77.09547366995324,Burglary,2024-03-02,06:02
Chennai,13.060621896806076,80.18363113176255,Theft,2023-12-06,19:31
Kolkata,22.649318752929616,88.35222092839112,Theft,2023-09-22,20:50
Chennai,12.935337506403405,80.28702914911821,Burglary,2023-10-22,20:42
Kolkata,22.45756633448633,88.47785750937624,Snatching,2023-11-24,21:32
Delhi,28.505570570120916,77.15814333429194,Assault,2024-06-12,16:00
Delhi,28.711571981323612,77.12473145498832,Burglary,2023-11-19,18:54
Mumbai,18.900502799214312,72.76070327121433,Assault,2024-06-19,06:43
Chennai,12.978694327165856,80.11163388630501,Robbery,2023-06-14,22:01
Chennai,13.060029404135397,80.22258461288286,Assault,2024-05-22,08:08
Kolkata,22.544856378433504,88.3082609821049,Theft,2023-07-05,23:17
Mumbai,19.18437977295037,72.96550324780303,Theft,2023-03-22,08:25
Delhi,28.652670395109716,77.04317473751449,Burglary,2024-01-16,05:46
Bangalore,13.186471163226589,77.53665885731931,Assault,2023-12-13,07:09
Kolkata,22.651842425764745,88.28094156617371,Theft,2024-03-07,08:24
Bangalore,12.847723333752137,77.4761667331594,Robbery,2024-04-18,21:11
Chennai,13.09376472402069,80.17384544307865,Robbery,2023-01-13,04:48
Bangalore,13.041492279298634,77.53677980447317,Assault,2024-05-24,13:11
Kolkata,22.54331120155349,88.23298436835107,Snatching,2024-03-20,06:02
Delhi,28.79259741861197,77.23635722653431,Burglary,2023-10-06,12:41
Bangalore,12.958744841529391,77.46075010524049,Snatching,2023-12-05,01:19
Kolkata,22.42692314447831,88.40058940622123,Theft,2023-09-02,07:02
Chennai,13.122668001180875,80.25746131695409,Burglary,2023-07-25,12:26
Chennai,13.086680334237244,80.26700141925046,Theft,2024-02-02,18:33
Kolkata,22.43989729429821,88.34755770087384,Snatching,2023-10-19,16:56
Mumbai,19.025107501535565,72.90691407916628,Theft,2023-03-30,08:23
Chennai,13.171950688376498,80.1803335262403,Assault,2024-08-07,17:25
Bangalore,13.046221070475754,77.54749238431718,Robbery,2024-01-13,11:55
Bangalore,13.01327002308023,77.68983054293456,Snatching,2023-10-27,20:49
Bangalore,13.177757291428534,77.65787129378747,Burglary,2023-05-04,00:55
Kolkata,22.45525326187477,88.44270444509829,Burglary,2024-02-18,12:48
Kolkata,22.42361576551091,88.32127115733913,Burglary,2023-07-04,23:33
Mumbai,19.1588300459508,72.78988019448492,Snatching,2023-06-13,20:38
Delhi,28.721669771463873,77.01325384897899,Burglary,2023-12-29,15:57
Mumbai,19.096675588389324,72.90008705017675,Burglary,2024-05-01,20:20
Delhi,28.510826575907863,77.13537789757758,Robbery,2024-06-23,13:00
Chennai,12.928448800754275,80.1429554449834,Robbery,2024-07-02,20:53
Kolkata,22.62261973605099,88.20019920358507,Robbery,2023-02-28,10:26
Chennai,12.977679889428948,80.25323866465405,Assault,2024-02-20,19:54
Mumbai,19.197898333566176,72.79394747198975,Theft,2024-04-18,15:49
Chennai,13.192481993793036,80.20761896404352,Robbery,2023-06-16,23:02
Kolkata,22.553591335436796,88.26332915719748,Theft,2024-01-05,11:27
Delhi,28.58540878157148,77.0314090005331,Assault,2024-08-12,19:31
Mumbai,19.107238604667074,72.92466515772716,Snatching,2024-05-12,03:53
Mumbai,19.02273991757097,72.95308068612587,Assault,2024-07-15,02:17
Delhi,28.64138256302059,77.01149980599504,Theft,2023-02-25,00:39
Kolkata,22.441381195884972,88.248247089705,Theft,2023-11-04,17:21
Delhi,28.67781843197795,77.10129727338514,Robbery,2023-07-20,22:04
Delhi,28.764396751657724,77.09294168032852,Snatching,2023-04-24,22:13
Chennai,13.14677517318207,80.110574410757,Snatching,2024-01-20,19:55
Chennai,13.082949485690945,80.23780846170685,Assault,2023-10-06,15:58
Delhi,28.555721938054063,77.26497524873555,Burglary,2023-01-21,21:39
Kolkata,22.697839918741188,88.39085040908166,Theft,2023-09-18,22:02
Bangalore,13.077166575496793,77.5942460892806,Snatching,2024-05-02,23:48
Delhi,28.51660972695414,77.05452020775088,Snatching,2024-05-12,17:25
Delhi,28.627687680642346,77.22595734243271,Theft,2024-08-16,19:32
Mumbai,19.1606626451314,72.89984549484517,Snatching,2023-03-14,14:13
Bangalore,12.948481700729975,77.62129777531607,Snatching,2024-04-23,22:53
Chennai,13.141590273734106,80.21221624689531,Robbery,2024-03-09,20:27
Delhi,28.553908872352448,77.22926930652926,Theft,2023-06-06,16:58
Bangalore,12.875642968699733,77.52235937301637,Robbery,2024-02-02,15:57
Kolkata,22.679165141244184,88.40306096542292,Snatching,2023-07-21,20:48
Delhi,28.56523550528528,77.10201005289447,Snatching,2023-01-21,15:52
Kolkata,22.5930726477931,88.4804065291504,Burglary,2024-02-12,18:46
Mumbai,19.15738760095145,72.71409611684331,Burglary,2024-03-26,20:03
Delhi,28.64853746916361,77.16151673937975,Assault,2024-06-23,17:16
Bangalore,12.961850830603018,77.62323624488323,Assault,2024-08-19,15:36
Chennai,13.062192141310058,80.18842889462756,Theft,2024-05-12,01:53
Mumbai,19.196810452268096,72.87411774554482,Snatching,2024-05-01,09:26
Kolkata,22.437909155564135,88.33354697214965,Snatching,2023-07-04,15:14
Kolkata,22.487445546564086,88.30076901040148,Assault,2024-01-16,20:33
Mumbai,19.18026160430765,72.74578124636615,Robbery,2024-07-28,10:54
Kolkata,22.62108348343694,88.44594995931311,Snatching,2023-09-18,20:00
Bangalore,12.914166626206146,77.43893811949823,Assault,2024-07-05,12:23
Kolkata,22.64429024777778,88.2897700910692,Assault,2023-02-05,21:58
Kolkata,22.680650254669924,88.26988876272728,Assault,2024-02-27,05:23
Kolkata,22.67034945525806,88.22097565424512,Theft,2023-10-12,07:35
Chennai,12.962721823554098,80.28690569384231,Robbery,2023-07-24,21:59
Mumbai,18.995488837995257,72.91096335489354,Assault,2023-10-18,05:47
Mumbai,18.969471388042557,72.73096668105211,Assault,2023-01-27,04:26
Kolkata,22.650355312355238,88.30340540677423,Burglary,2023-04-12,05:30
Delhi,28.624746841625132,77.29688450051806,Snatching,2023-07-19,19:52
Delhi,28.759809076201357,77.11555201371645,Theft,2023-11-12,17:55
Kolkata,22.420911593279538,88.34302082741155,Robbery,2024-01-08,09:29
Bangalore,13.17175216079412,77.70508346112506,Assault,2023-01-22,19:59
Chennai,12.958266647348907,80.18366195630124,Snatching,2023-10-05,21:41
Delhi,28.602050273968974,77.00834259055001,Assault,2023-05-10,00:27
Delhi,28.669161859603655,77.05437631432518,Assault,2023-07-25,02:36
Chennai,12.922998736486099,80.27245296267594,Assault,2024-06-13,03:36
Delhi,28.541206899816267,77.03688084200103,Assault,2023-04-05,23:30
Mumbai,19.182071503956653,72.84038315481092,Burglary,2023-06-06,21:54
Mumbai,19.190674805484264,72.91852300587693,Burglary,2023-01-31,01:23
Delhi,28.75678428431061,77.21840208943891,Burglary,2024-07-31,11:38
Bangalore,13.094476495627868,77.78827793662387,Theft,2023-01-05,11:24
Kolkata,22.40555233991123,88.298854031176,Theft,2023-02-28,19:07
Kolkata,22.6776931648915,88.43632613752592,Snatching,2023-04-10,19:33
Bangalore,13.144478055699594,77.49087039124583,Snatching,2023-01-06,17:52
Bangalore,12.836453819384543,77.45870238235786,Robbery,2023-08-29,06:27
Bangalore,12.920703125579301,77.54681619378596,Theft,2024-05-30,21:36
Kolkata,22.53774788584255,88.47409245139382,Snatching,2024-02-22,02:22
Delhi,28.695458206636697,77.22693564324251,Theft,2024-08-03,05:41
Kolkata,22.581460139854645,88.2689452371124,Burglary,2024-07-04,08:59
Mumbai,18.982436641898307,72.96311001135345,Assault,2023-12-18,18:53
Bangalore,13.126926888575326,77.53221436971673,Theft,2023-01-11,20:37
Delhi,28.742510508277544,77.19398674750455,Burglary,2024-04-06,04:47
Mumbai,19.007223033926962,72.96869811591752,Burglary,2023-08-02,04:18
Delhi,28.76350987663512,77.21582892226404,Robbery,2023-08-30,14:58
Delhi,28.54663207384279,77.10275627543797,Burglary,2023-09-13,16:17
Mumbai,18.948517295816576,72.82878706684888,Robbery,2023-02-09,11:24
Kolkata,22.425044401000047,88.2639293400878,Assault,2024-03-27,06:49
Bangalore,13.067710951819858,77.55288532090017,Burglary,2023-11-14,11:21
Delhi,28.58025414370039,77.27835527327572,Snatching,2024-03-21,02:20
Mumbai,18.990973281206497,72.81626656429279,Theft,2023-01-10,10:07
Kolkata,22.430903487067933,88.31290560240927,Snatching,2023-04-28,08:56
Kolkata,22.474218994268966,88.26919844198065,Theft,2023-03-15,01:31
Delhi,28.731901039359382,77.03602342673193,Burglary,2023-03-08,18:16
Kolkata,22.603197573245488,88.3391969451181,Assault,2024-06-08,04:39
Kolkata,22.49886509573787,88.30507928946692,Burglary,2024-04-03,04:00
Chennai,13.118493361138286,80.27458893831073,Snatching,2023-02-17,02:58
Mumbai,19.116385304261698,72.95355911569062,Snatching,2023-08-18,18:55
Chennai,13.009692551321846,80.25095347114264,Snatching,2024-05-15,05:25
Bangalore,12.845993434076604,77.64872903988058,Robbery,2024-06-25,03:56
Kolkata,22.42598718006345,88.23128783599776,Robbery,2024-06-16,19:47
Kolkata,22.48217517275338,88.31285266252206,Snatching,2024-01-18,19:02
Kolkata,22.559997795791315,88.31682324101942,Assault,2023-04-13,18:03
Delhi,28.620131917556545,77.04324080344648,Theft,2024-08-19,08:40
Chennai,12.990153746262742,80.17440714268463,Theft,2023-12-12,11:19
Kolkata,22.54353827386278,88.49848605936775,Theft,2023-07-04,14:46
Mumbai,19.017976980575632,72.75921390234517,Snatching,2023-11-26,21:59
Mumbai,18.96281824422991,72.7331115407599,Robbery,2023-07-07,15:00
Delhi,28.761089069787033,77.29449987958061,Assault,2023-05-26,12:38
Kolkata,22.550762757007174,88.31572570763117,Assault,2024-04-25,03:55
Mumbai,18.98065554774097,72.8170222026102,Snatching,2023-05-22,04:58
Bangalore,12.947613455004918,77.73658984816257,Theft,2024-02-25,08:23
Bangalore,13.003489297982304,77.5592415829312,Robbery,2024-03-23,10:12
Delhi,28.50468394978369,77.25650004966585,Theft,2023-05-31,09:01
Bangalore,12.885890727472505,77.47841114186504,Burglary,2024-04-15,21:48
Mumbai,19.099873805929263,72.91401146739445,Snatching,2023-02-13,05:50
Mumbai,19.16663276871595,72.81008146573312,Assault,2024-04-02,06:24
Mumbai,18.979395909299292,72.70262986124136,Snatching,2023-03-08,08:03
Bangalore,12.818491466623273,77.72762281074947,Snatching,2023-06-01,23:11
Bangalore,13.136459715629275,77.61505624523097,Snatching,2023-08-08,12:02
Chennai,13.060819264566078,80.19680226857272,Theft,2023-04-02,01:23
Mumbai,18.93837414763509,72.91920009205592,Robbery,2023-03-26,13:02
Bangalore,13.135423508233885,77.47226757495925,Robbery,2023-06-08,14:37
Mumbai,19.070343205386212,72.81567302701595,Assault,2023-10-25,06:19
Chennai,12.928027882642281,80.20483991932844,Burglary,2024-01-06,20:11
Kolkata,22.539260102649678,88.36370037872769,Snatching,2024-06-19,23:36
Mumbai,18.978053868776414,72.7285027957881,Robbery,2023-10-26,14:00
Kolkata,22.666017594257966,88.37237337206493,Burglary,2023-06-19,10:27
Chennai,12.91742186494314,80.23344413720964,Theft,2024-07-17,02:37
Bangalore,12.951875534884799,77.56437214500218,Robbery,2024-02-19,15:17
Chennai,13.091543860243812,80.1097115032836,Assault,2024-04-07,11:47
Mumbai,18.954024870638847,72.7892712120751,Robbery,2023-12-06,17:18
Kolkata,22.46421979135523,88.20862760026903,Snatching,2023-07-15,17:52
Delhi,28.602741146533756,77.28654881997797,Theft,2023-09-23,00:56
Mumbai,19.0776307304364,72.85241165579816,Assault,2024-07-25,16:05
Chennai,13.028101727874894,80.21737140054063,Assault,2024-02-12,05:47
Kolkata,22.53788968670758,88.2691700009465,Burglary,2023-10-02,04:19
Mumbai,19.012388700093084,72.75743883796564,Assault,2023-08-09,04:10
Chennai,13.139654395125259,80.23399880494857,Theft,2024-03-06,08:07
Kolkata,22.444075256880744,88.4500386486656,Burglary,2024-05-27,15:53
Delhi,28.606511948796463,77.24536491679666,Robbery,2023-04-18,10:35
Kolkata,22.631750815870575,88.37818082218752,Theft,2024-01-28,12:14
Bangalore,12.89115056504544,77.54715707037228,Robbery,2023-03-10,13:04
Bangalore,13.181640554115399,77.79563793057184,Assault,2024-04-11,09:10
Chennai,12.910589855899099,80.15098552337405,Assault,2023-05-05,09:54
Chennai,13.034729073327659,80.1614808165304,Robbery,2023-03-25,20:00
Delhi,28.749295453282947,77.08744803007517,Theft,2024-06-16,18:20
Mumbai,18.935895648039416,72.95149872603697,Assault,2023-07-31,02:26
Delhi,28.529357368875218,77.05647599775372,Snatching,2023-08-15,08:24
Kolkata,22.655801765009137,88.41054351643257,Assault,2024-07-20,16:26
Chennai,13.012703241313032,80.15581448445792,Theft,2023-01-09,16:58
Chennai,12.944754804835299,80.27646209509955,Burglary,2023-03-15,04:38
Chennai,12.94841611285603,80.15641094062818,Burglary,2023-06-15,04:54
Bangalore,13.099660354848528,77.4733076716195,Snatching,2023-11-10,21:52
Kolkata,22.467701395728568,88.34702157737141,Burglary,2024-01-20,03:14
Delhi,28.76631400408053,77.21567291688037,Theft,2023-10-26,05:38
Kolkata,22.637783240058724,88.46596548447627,Theft,2024-07-18,20:26
Bangalore,12.836309296749006,77.72093980306887,Snatching,2023-02-26,06:29
Kolkata,22.576833548038678,88.26500619956262,Snatching,2023-03-30,23:44
Delhi,28.72401146859129,77.14184633720909,Robbery,2023-09-11,02:19
Delhi,28.716458842136284,77.21307437836111,Assault,2023-12-25,13:29
Kolkata,22.634316953671284,88.3134734774475,Robbery,2024-02-02,23:14
Delhi,28.66676217332326,77.23644655212115,Assault,2023-10-07,19:46
Chennai,13.157211181269837,80.24213602728071,Snatching,2023-12-21,01:21
Bangalore,12.990544902560387,77.47089634990719,Snatching,2023-04-01,16:42
Bangalore,12.961991556582426,77.55279793644293,Robbery,2023-05-29,14:01
Bangalore,12.837323668416573,77.44931683757429,Theft,2024-06-24,09:31
Kolkata,22.429658827135317,88.44082475498871,Burglary,2023-01-16,07:54
Kolkata,22.660193368861705,88.29193811877597,Robbery,2023-08-08,02:38
Kolkata,22.583671082821958,88.43053338624448,Theft,2023-05-04,14:37
Kolkata,22.60911176128325,88.3262918547829,Assault,2023-05-05,02:50
Mumbai,19.07037483867983,72.7225904525135,Robbery,2023-02-25,21:47
Kolkata,22.641066188720856,88.22308593999074,Burglary,2023-02-13,06:11
Mumbai,19.1911196000622,72.96336552172622,Theft,2024-02-10,03:07
Bangalore,13.189966717952105,77.6810494390144,Robbery,2023-11-23,03:58
Mumbai,19.068513299562014,72.99580189783457,Snatching,2023-07-14,20:21
Chennai,12.992737208063089,80.24535395867434,Snatching,2024-08-16,14:51
Delhi,28.753882077960423,77.0114127098982,Assault,2023-06-19,18:56
Kolkata,22.57307709075367,88.30429065739808,Robbery,2023-03-17,15:04
Kolkata,22.62738498509359,88.28027207771697,Theft,2023-06-06,22:45
Mumbai,18.931278295240723,72.75309610165725,Assault,2023-10-08,14:51
Chennai,13.15181761137297,80.22416848888133,Robbery,2023-07-28,10:45
Mumbai,18.938686445434087,72.99645852322834,Burglary,2024-07-07,07:32
Mumbai,18.92113047123765,72.99687915480342,Snatching,2024-02-13,11:23
Mumbai,19.164212509160357,72.75053884055158,Snatching,2023-12-21,00:47
Chennai,13.18962608936706,80.14554933817664,Theft,2023-07-02,02:53
Mumbai,19.111849458631674,72.87860155498659,Burglary,2023-04-12,14:37
Delhi,28.78767391186504,77.18430549312315,Burglary,2023-03-11,05:24
Chennai,12.90818176188444,80.13639336519245,Assault,2024-08-05,18:43
Bangalore,12.876937412405512,77.43316772842338,Assault,2024-08-02,17:13
Chennai,12.99886371173123,80.12667270755215,Snatching,2023-06-08,05:49
Delhi,28.645727317431053,77.2434025451283,Robbery,2024-01-18,01:55
Bangalore,13.103882635324002,77.55850090603738,Theft,2024-07-06,15:29
Chennai,13.066614139297922,80.18280425926272,Burglary,2023-09-23,15:06
Delhi,28.561682189967442,77.1001277482537,Robbery,2024-03-09,17:26
Kolkata,22.490621339330318,88.2936191146131,Burglary,2023-03-15,21:07
Chennai,13.197710791985429,80.2984266906876,Robbery,2024-08-21,06:39
Kolkata,22.40429175856081,88.39533140280224,Burglary,2023-09-13,15:30
Chennai,13.121169422910166,80.29598133423988,Robbery,2024-01-04,00:08
Mumbai,18.906029570777918,72.82634627832837,Assault,2023-12-27,11:57
Kolkata,22.458794625603616,88.32758237219082,Robbery,2023-10-22,05:23
Bangalore,13.010131233998875,77.6731434270289,Theft,2023-07-09,22:05
Kolkata,22.483644810867624,88.29215262269625,Assault,2023-06-05,08:27
Kolkata,22.421004773305736,88.23931284626002,Theft,2023-04-30,15:35
Kolkata,22.423842554602047,88.36251735597192,Snatching,2024-05-01,00:29
Delhi,28.56981113093193,77.1399851665278,Burglary,2023-12-31,22:16
Bangalore,12.857309027418319,77.78464542662829,Theft,2024-07-07,17:24
Kolkata,22.54868804607441,88.47494251326616,Robbery,2023-02-21,04:42
Delhi,28.78388545857194,77.15618463837204,Theft,2024-08-07,14:54
Chennai,13.097174217624527,80.24790315916658,Snatching,2023-04-10,13:22
Bangalore,12.920233059719692,77.58360451747258,Robbery,2024-08-18,23:02
Chennai,12.952240307217991,80.1461874170193,Snatching,2023-10-21,14:17
Chennai,13.053875166163515,80.15458544307967,Theft,2024-01-26,00:15
Chennai,13.16627493159292,80.12606351749687,Snatching,2023-04-15,02:09
Chennai,13.138047124877716,80.10610198131444,Snatching,2024-08-09,00:16
Chennai,13.055171327341467,80.11532316604001,Assault,2023-03-13,19:42
Chennai,12.962561841793017,80.29542180266586,Burglary,2023-10-30,20:02
Bangalore,12.9669604004998,77.58116000685902,Assault,2023-05-13,16:16
