Sr,TxnDate,TxnTime,Temperature,Consumption
76229,1-Jan-22,16:55:52,21.7,1.01
76258,1-Jan-22,21:45:29,21.13,0.908
76287,1-Jan-22,12:24:52,8.22,0.926
76316,1-Jan-22,4:07:36,2.43,0.928
76345,1-Jan-22,6:52:25,31.85,0.916
76374,1-Jan-22,10:20:09,33.59,0.972
76403,1-Jan-22,15:32:01,36.59,0.878
76432,1-Jan-22,19:23:47,-3.22,1.902
76461,1-Jan-22,11:19:47,-4.73,0.9
76490,1-Jan-22,14:52:01,0.12,0.928
76512,1-Jan-22,23:53:01,3.68,0.994
76548,1-Jan-22,1:41:48,36.61,1.85
76577,1-Jan-22,10:39:50,12.2,0.896
76606,1-Jan-22,6:32:56,18.52,0.964
76635,1-Jan-22,15:12:09,38.55,0.906
76664,1-Jan-22,12:45:05,-2.54,0.904
76693,1-Jan-22,22:05:56,15.49,0.904
76722,1-Jan-22,7:14:24,12.66,1.02
76751,1-Jan-22,2:47:00,38.33,1.092
76780,1-Jan-22,0:42:33,22.76,0.904
76809,1-Jan-22,3:47:47,4,0.92
76838,1-Jan-22,20:44:08,30.35,0.884
76867,1-Jan-22,16:12:37,6.09,0.876
76896,1-Jan-22,12:05:06,28.77,0.976
76925,1-Jan-22,3:06:30,24.09,0.924
76954,1-Jan-22,1:01:51,22.57,0.904
76983,1-Jan-22,11:43:40,34.42,1.09
77012,1-Jan-22,23:31:01,NaN,0.964
77041,1-Jan-22,10:59:47,28.06,0.942
77070,1-Jan-22,2:22:52,35.39,1.878
77099,1-Jan-22,20:03:52,7.04,0.892
77128,1-Jan-22,14:31:39,2.41,0.972
77157,1-Jan-22,9:58:43,26.2,0.918
77186,1-Jan-22,5:51:27,33.35,0.9
77215,1-Jan-22,14:10:15,0.09,0.9
77244,1-Jan-22,18:42:25,-2.07,0.87
77273,1-Jan-22,22:49:58,2.15,0.964
77302,1-Jan-22,4:28:02,27.86,0.944
77331,1-Jan-22,8:38:00,5.2,0.946
77360,1-Jan-22,13:50:19,30.23,1.052
77389,1-Jan-22,22:28:26,-1.48,1.052
77418,1-Jan-22,7:34:40,1.97,0.92
77447,1-Jan-22,3:27:40,36.09,0.944
77476,1-Jan-22,0:22:28,22.77,1.03
77505,1-Jan-22,20:24:31,38.96,0.94
77534,1-Jan-22,15:53:43,24.23,0.978
77563,1-Jan-22,17:39:34,26.61,0.922
77592,1-Jan-22,21:25:49,0.94,0.92
77621,1-Jan-22,13:06:25,31.37,0.956
77650,1-Jan-22,5:07:43,18.06,0.93
77679,1-Jan-22,8:17:20,5.3,1.962
77708,1-Jan-22,16:33:12,37.6,0.936
77737,1-Jan-22,21:05:13,-0.22,0.976
77766,1-Jan-22,6:11:59,4.91,0.928
77795,1-Jan-22,19:44:16,-3.81,0.932
77824,1-Jan-22,13:27:37,-3.67,0.964
77853,1-Jan-22,9:38:30,31.58,1.88
77882,1-Jan-22,5:31:53,-0.35,1.098
77911,1-Jan-22,18:22:53,8.86,1.98
77940,1-Jan-22,23:09:54,25.84,0.93
77969,1-Jan-22,4:48:02,39.71,0.896
77998,1-Jan-22,8:57:36,3.96,0.92
78027,1-Jan-22,17:18:43,29.8,1.05
82844,2-Jan-22,5:45:06,6.25,0.962
82873,2-Jan-22,1:56:52,NaN,0.872
82902,2-Jan-22,12:42:40,30.12,2.914
82931,2-Jan-22,15:44:50,31.5,3.688
82960,2-Jan-22,13:23:26,3.13,6.33
82989,2-Jan-22,2:16:48,-4.25,0.94
83018,2-Jan-22,10:17:01,-1.1,5.948
83047,2-Jan-22,7:07:36,13.05,0.92
83076,2-Jan-22,13:43:32,38.7,2.824
83105,2-Jan-22,17:26:47,33.19,9.778
83134,2-Jan-22,6:27:10,6.94,1.002
83163,2-Jan-22,14:42:57,27.4,5.754
83192,2-Jan-22,17:47:02,22.52,4.9
83221,2-Jan-22,10:57:55,21.44,4.534
83250,2-Jan-22,7:29:02,28.99,1.03
83279,2-Jan-22,3:21:57,23.47,1.124
83308,2-Jan-22,3:41:38,-4.62,0.89
83337,2-Jan-22,11:19:09,4.19,5.314
83366,2-Jan-22,23:56:26,32.9,1.172
83395,2-Jan-22,23:31:40,-4.81,14.95
83424,2-Jan-22,16:04:39,22.76,3.238
83453,2-Jan-22,22:42:19,27.49,16.92
83482,2-Jan-22,4:02:06,36.55,0.93
83511,2-Jan-22,8:31:26,-3.8,17.884
83540,2-Jan-22,18:07:31,27.7,4.718
83569,2-Jan-22,1:37:09,0.07,0.98
83598,2-Jan-22,9:34:40,28.27,27.108
83627,2-Jan-22,9:55:18,19.24,6.612
83656,2-Jan-22,6:47:46,8.54,0.936
83685,2-Jan-22,16:45:24,31.36,3.336
83714,2-Jan-22,2:57:34,31.14,0.948
83754,2-Jan-22,18:48:48,25.09,4.934
83783,2-Jan-22,11:39:47,14.47,4.652
83812,2-Jan-22,15:25:08,33.07,3.086
83841,2-Jan-22,19:37:20,7.07,7.482
83870,2-Jan-22,20:20:59,10.74,11.704
83888,2-Jan-22,19:11:49,6.52,6.18
83917,2-Jan-22,14:03:26,11.91,1.856
83946,2-Jan-22,0:55:12,31.55,0.928
83975,2-Jan-22,7:50:40,-1.43,9.862
84004,2-Jan-22,2:37:03,25.1,0.908
84033,2-Jan-22,16:26:40,12.13,3.56
84062,2-Jan-22,15:04:12,27.83,2.366
84091,2-Jan-22,12:23:27,-2.38,7.676
84120,2-Jan-22,4:41:47,20.45,1.82
84149,2-Jan-22,0:12:25,37.62,0.906
84178,2-Jan-22,18:29:37,23.09,5.004
84207,2-Jan-22,5:23:40,16.45,1.93
84236,2-Jan-22,0:34:37,26.88,0.994
84265,2-Jan-22,21:23:06,26.64,5.738
84294,2-Jan-22,21:49:08,35.14,8.618
84323,2-Jan-22,21:02:58,3.05,6.434
84352,2-Jan-22,20:40:58,39,5.234
84381,2-Jan-22,6:05:51,36.42,0.954
84410,2-Jan-22,1:16:03,36.23,0.968
84439,2-Jan-22,10:38:42,26.16,5.2
78107,3-Jan-22,19:17:08,5.78,5.3
78136,3-Jan-22,14:40:55,13.1,3.844
78165,3-Jan-22,23:26:09,8.54,5.712
78194,3-Jan-22,17:12:30,9.79,3.588
78223,3-Jan-22,21:22:20,14.53,12.324
78252,3-Jan-22,16:31:23,31.53,6.144
78281,3-Jan-22,19:59:23,3.95,5.622
78310,3-Jan-22,23:47:04,5.71,5.3
78339,3-Jan-22,16:52:02,22.32,3.54
78368,3-Jan-22,10:02:19,-2.14,9.792
78397,3-Jan-22,9:24:50,1.45,11.068
78426,3-Jan-22,8:47:11,33.07,9.94
78455,3-Jan-22,10:43:39,11.8,8.698
78484,3-Jan-22,11:22:39,24.54,7.328
78513,3-Jan-22,18:56:56,21.97,5.614
78542,3-Jan-22,17:54:34,28.16,5.028
78565,3-Jan-22,2:28:01,-3.04,1.564
78594,3-Jan-22,3:32:05,28.96,1.536
78623,3-Jan-22,2:58:02,3.71,1.382
78652,3-Jan-22,4:00:43,NaN,1.324
78681,3-Jan-22,4:31:08,25.44,1.372
78710,3-Jan-22,18:34:37,-1.36,5.23
78739,3-Jan-22,22:05:06,39.15,6.522
78768,3-Jan-22,5:01:23,NaN,1.368
78797,3-Jan-22,5:38:15,15.45,1.688
78826,3-Jan-22,6:17:11,1.33,1.776
78855,3-Jan-22,8:09:33,9.63,8.18
78884,3-Jan-22,7:31:34,16.45,4.638
78913,3-Jan-22,6:54:36,23.74,1.714
78942,3-Jan-22,21:42:57,18.52,6.268
78971,3-Jan-22,15:25:28,7.74,2.586
79000,3-Jan-22,22:24:48,17.6,6.594
79029,3-Jan-22,18:14:35,16.33,4.216
79058,3-Jan-22,15:04:16,37.41,3.01
79087,3-Jan-22,22:45:51,35.79,6.088
79116,3-Jan-22,12:04:20,35.07,6.68
79145,3-Jan-22,12:44:33,17.69,5.896
79174,3-Jan-22,13:24:15,21.18,5.578
79203,3-Jan-22,14:04:49,34.89,5.604
79232,3-Jan-22,15:48:01,28.61,2.556
79261,3-Jan-22,19:39:28,31.95,5.606
79290,3-Jan-22,23:06:22,29.55,6.068
79319,3-Jan-22,17:33:09,23.51,4.744
79348,3-Jan-22,20:40:51,0.36,12.604
79383,3-Jan-22,1:24:29,2.78,1.414
79412,3-Jan-22,1:53:54,29.1,1.332
79441,3-Jan-22,0:53:00,20.86,1.4
79470,3-Jan-22,0:22:43,36.19,1.186
83546,4-Jan-22,13:55:35,-1.55,3.066
83575,4-Jan-22,10:01:54,2.23,12.024
83604,4-Jan-22,5:52:52,32.63,0.898
83633,4-Jan-22,1:27:48,7.96,0.908
83662,4-Jan-22,20:33:17,13.27,2.454
83691,4-Jan-22,3:31:05,3.89,0.934
83720,4-Jan-22,22:57:49,2.67,7.056
83749,4-Jan-22,19:09:23,17.43,4.664
83778,4-Jan-22,7:58:56,20.35,5.89
83807,4-Jan-22,11:27:17,20.74,4.488
83836,4-Jan-22,4:53:54,NaN,0.99
83865,4-Jan-22,8:59:38,23.15,6.606
83894,4-Jan-22,0:07:38,39.42,0.924
83923,4-Jan-22,12:30:48,35.36,3.894
83952,4-Jan-22,15:43:55,-0.73,2.226
83981,4-Jan-22,23:18:47,22.17,7.384
84010,4-Jan-22,7:38:09,27.69,7.206
84039,4-Jan-22,14:38:12,30.75,1.236
84068,4-Jan-22,18:27:23,39.7,2.208
84097,4-Jan-22,5:13:33,20.93,0.89
84126,4-Jan-22,1:08:23,-4.77,0.964
84155,4-Jan-22,12:51:30,18.57,3.516
84184,4-Jan-22,16:43:12,17.5,2.152
84213,4-Jan-22,14:16:58,0.87,1.788
84242,4-Jan-22,10:45:44,25.43,4.37
84271,4-Jan-22,18:06:35,20.71,2.328
84300,4-Jan-22,22:16:51,25.43,15.97
84329,4-Jan-22,21:13:42,24.34,2.52
84358,4-Jan-22,2:30:35,23.96,0.924
84387,4-Jan-22,6:56:02,21.96,0.994
84416,4-Jan-22,6:56:02,37.34,0.994
84445,4-Jan-22,17:24:42,NaN,2.194
84474,4-Jan-22,5:32:35,21.71,0.88
84503,4-Jan-22,0:47:32,35.54,0.9
84532,4-Jan-22,21:34:19,39,3.946
84561,4-Jan-22,17:04:18,33.11,2.224
84590,4-Jan-22,13:13:25,10.54,3.608
84619,4-Jan-22,8:19:19,19.34,4.454
84648,4-Jan-22,3:10:46,4.17,0.904
84677,4-Jan-22,20:53:19,8.22,2.31
84706,4-Jan-22,2:50:50,38.7,0.922
84735,4-Jan-22,19:50:52,-3.84,2.612
84764,4-Jan-22,15:01:05,NaN,4.944
84793,4-Jan-22,16:23:27,1.66,2.11
84822,4-Jan-22,9:21:12,19.13,8.328
84851,4-Jan-22,0:27:12,34.33,0.924
84880,4-Jan-22,20:11:28,18.25,2.428
84909,4-Jan-22,22:38:17,29.12,8.014
84938,4-Jan-22,19:28:52,13.07,2.216
84967,4-Jan-22,16:03:26,12.22,2.094
84996,4-Jan-22,12:10:04,-0.73,4.364
85025,4-Jan-22,4:11:50,22.55,1.854
85054,4-Jan-22,15:22:02,22.4,5.822
85083,4-Jan-22,8:40:02,38.95,8.33
85112,4-Jan-22,11:48:59,19,4.712
85141,4-Jan-22,4:32:24,38.75,0.95
85170,4-Jan-22,13:35:18,35.4,3.496
85180,4-Jan-22,17:44:46,39.34,2.11
85228,4-Jan-22,10:23:57,39.19,5.66
85257,4-Jan-22,1:50:02,20.48,1.008
85286,4-Jan-22,6:34:42,34.58,1.914
85315,4-Jan-22,11:06:16,24.89,4.762
85344,4-Jan-22,2:10:37,-0.92,0.924
85373,4-Jan-22,23:40:23,-1.49,7.636
83486,5-Jan-22,9:58:09,33.48,9.348
83515,5-Jan-22,5:47:54,30.18,0.88
83544,5-Jan-22,13:51:21,8.62,6.236
83573,5-Jan-22,11:42:31,11.26,7.128
83602,5-Jan-22,19:23:26,39.12,9.162
83631,5-Jan-22,9:37:27,-3.37,8.282
83660,5-Jan-22,2:03:21,34.2,0.914
83689,5-Jan-22,13:30:08,-2.8,5.836
83718,5-Jan-22,17:20:05,11.05,5.988
83747,5-Jan-22,21:36:53,5.66,18.236
83776,5-Jan-22,10:40:23,26.37,8.144
83805,5-Jan-22,18:22:23,20.19,14.78
83834,5-Jan-22,6:49:26,28.69,0.952
83863,5-Jan-22,2:45:48,-3.23,0.994
83892,5-Jan-22,22:17:28,19.5,9.046
83921,5-Jan-22,22:17:28,28.56,9.046
83950,5-Jan-22,8:13:02,0.01,7.898
83979,5-Jan-22,3:46:37,20.91,0.926
84008,5-Jan-22,12:04:00,4.15,7.156
84037,5-Jan-22,15:35:28,11.98,5.23
84066,5-Jan-22,12:46:35,4.96,6.73
84095,5-Jan-22,16:58:38,-0.22,5.214
84124,5-Jan-22,20:55:40,19.03,8.552
84153,5-Jan-22,4:46:57,35.3,0.93
84182,5-Jan-22,1:01:28,29.7,0.882
84211,5-Jan-22,7:51:00,2.35,7.228
84240,5-Jan-22,3:05:48,34.42,0.912
84269,5-Jan-22,15:15:37,-3.69,5.586
84298,5-Jan-22,22:37:50,29.95,8.992
84327,5-Jan-22,0:00:54,37.15,3.562
84356,5-Jan-22,4:26:09,35.32,0.912
84385,5-Jan-22,12:24:14,9.93,6.158
84414,5-Jan-22,20:15:41,7,8.484
84443,5-Jan-22,19:03:06,8.8,4.656
84472,5-Jan-22,22:58:49,5.79,9.316
84501,5-Jan-22,14:54:08,25.94,11.89
84530,5-Jan-22,7:31:26,8.98,3.946
84559,5-Jan-22,11:20:57,13.5,6.134
84588,5-Jan-22,3:26:25,16.32,0.926
84617,5-Jan-22,7:09:59,-4.72,0.942
84646,5-Jan-22,11:00:55,6.62,7.402
84675,5-Jan-22,2:24:36,6.32,0.966
84704,5-Jan-22,18:41:48,36.45,5.542
84733,5-Jan-22,23:19:13,19.08,9.12
84762,5-Jan-22,23:41:06,38.68,8.886
84791,5-Jan-22,16:17:45,19.78,5.936
84820,5-Jan-22,4:06:05,17.67,0.91
84849,5-Jan-22,14:11:00,16.65,5.858
84878,5-Jan-22,17:40:28,5.89,7.338
84907,5-Jan-22,10:19:10,13.2,8.054
84936,5-Jan-22,6:09:22,3.29,1
84965,5-Jan-22,1:42:58,19.61,0.976
84994,5-Jan-22,21:57:56,-1.61,8.554
85023,5-Jan-22,6:28:38,27.02,0.88
85052,5-Jan-22,1:21:47,5.32,0.922
85081,5-Jan-22,5:28:17,18.74,0.884
85110,5-Jan-22,9:17:56,33.82,9.588
85139,5-Jan-22,15:57:50,31.47,5.64
85168,5-Jan-22,19:54:41,-1.84,9.75
85197,5-Jan-22,8:57:01,5.19,19.178
85226,5-Jan-22,0:42:09,18.77,0.976
85255,5-Jan-22,5:08:44,16.26,1.014
85284,5-Jan-22,0:21:19,12.22,0.936
85313,5-Jan-22,13:08:49,3.6,6.844
85342,5-Jan-22,16:39:12,36.12,6.07
85371,5-Jan-22,20:35:50,15.69,9.272
85263,6-Jan-22,6:10:37,39.35,0.966
85292,6-Jan-22,1:22:49,32.28,0.904
85321,6-Jan-22,10:07:49,28.43,9.134
85350,6-Jan-22,13:23:38,10.66,7.5
85379,6-Jan-22,16:58:21,27.19,6.898
85408,6-Jan-22,17:58:58,29.11,8.248
85437,6-Jan-22,14:06:40,1.79,5.114
85466,6-Jan-22,0:43:08,17.16,1.022
85495,6-Jan-22,5:49:33,27.35,0.896
85524,6-Jan-22,2:44:03,35.72,0.926
85553,6-Jan-22,17:17:32,10.18,6.202
85582,6-Jan-22,14:27:41,29.12,7.886
85611,6-Jan-22,20:44:30,1.64,9.112
85640,6-Jan-22,15:32:36,28.15,6.81
85669,6-Jan-22,18:40:01,16.48,16.176
85698,6-Jan-22,23:06:41,33.46,17.772
85727,6-Jan-22,7:54:03,27.56,9.11
85756,6-Jan-22,12:17:50,3.48,6.874
85785,6-Jan-22,12:17:50,37.96,6.874
85814,6-Jan-22,21:46:30,30.46,9.256
85843,6-Jan-22,17:38:19,8.63,7.254
85872,6-Jan-22,2:04:22,29.31,0.938
85901,6-Jan-22,10:28:54,-4.63,8.26
85930,6-Jan-22,5:29:22,23.86,0.974
85959,6-Jan-22,1:02:38,9.73,0.888
85988,6-Jan-22,9:24:15,30.21,10.182
86017,6-Jan-22,20:03:00,12.3,8.976
86046,6-Jan-22,15:10:45,11.78,6.798
86075,6-Jan-22,23:47:38,11.14,2.784
86104,6-Jan-22,19:01:46,NaN,8.388
86133,6-Jan-22,16:14:02,26.47,7.082
86162,6-Jan-22,11:32:18,10.23,7.744
86191,6-Jan-22,7:33:31,-2.04,4.242
86220,6-Jan-22,3:23:51,22.18,0.912
86249,6-Jan-22,10:50:06,-4.01,7.872
86278,6-Jan-22,21:05:31,22.41,9.332
86307,6-Jan-22,6:51:34,38.91,1.872
86336,6-Jan-22,22:27:11,20.24,8.516
86365,6-Jan-22,7:11:41,-4.32,0.944
86394,6-Jan-22,11:11:14,11.89,7.516
86423,6-Jan-22,2:24:29,6.44,0.884
86452,6-Jan-22,12:39:43,2.91,8.126
86481,6-Jan-22,19:22:16,15.05,8.388
86510,6-Jan-22,4:27:17,36.97,2.924
86539,6-Jan-22,0:00:47,30.82,2.102
86568,6-Jan-22,14:49:15,8.9,6.432
86597,6-Jan-22,3:04:02,23.26,0.894
86626,6-Jan-22,11:55:29,32.22,7.7
86655,6-Jan-22,22:07:27,-2.44,9.256
86684,6-Jan-22,9:45:33,11.46,9.274
86713,6-Jan-22,5:08:32,16.05,0.904
86742,6-Jan-22,13:46:14,14.29,7.124
86774,6-Jan-22,1:44:11,27.65,0.994
86803,6-Jan-22,21:25:47,22.31,8.972
86832,6-Jan-22,12:59:33,15.49,6.392
86861,6-Jan-22,20:24:18,6.95,8.424
86890,6-Jan-22,16:36:37,28.84,7.168
86919,6-Jan-22,9:01:22,30.03,9.29
86948,6-Jan-22,0:21:03,16.85,0.918
86977,6-Jan-22,4:48:19,17.83,0.96
87006,6-Jan-22,19:42:14,8.81,7.54
87035,6-Jan-22,15:53:30,1.23,7.012
87064,6-Jan-22,8:40:21,NaN,20.82
87093,6-Jan-22,23:28:11,39.29,9.312
85106,7-Jan-22,2:54:56,1.13,0.932
85135,7-Jan-22,8:06:46,32.16,9.496
85164,7-Jan-22,8:06:46,2.21,9.496
85193,7-Jan-22,23:49:52,21.73,17.26
85222,7-Jan-22,16:35:19,-0.31,6.04
85251,7-Jan-22,19:58:56,14.61,8.204
85280,7-Jan-22,18:58:00,18.62,7.012
85309,7-Jan-22,8:27:56,24.97,9.14
85338,7-Jan-22,3:57:00,9.65,0.944
85367,7-Jan-22,6:41:21,38.8,0.944
85396,7-Jan-22,13:28:30,21.05,6.146
85425,7-Jan-22,20:41:00,19.67,8.78
85454,7-Jan-22,16:56:15,3.88,6.348
85460,7-Jan-22,13:07:44,NaN,8.168
85512,7-Jan-22,0:48:57,NaN,0.93
85541,7-Jan-22,4:56:36,26.37,1.816
85570,7-Jan-22,23:07:50,2.67,8.142
85583,7-Jan-22,17:16:02,10.93,7.238
85612,7-Jan-22,10:09:15,15.54,8.546
85641,7-Jan-22,2:13:36,25.51,1.99
85670,7-Jan-22,5:59:13,25.89,0.908
85699,7-Jan-22,4:16:47,7.73,0.924
85728,7-Jan-22,15:12:16,16.98,6.11
85757,7-Jan-22,21:02:12,-4.52,9.436
85786,7-Jan-22,15:33:12,19.38,5.678
85815,7-Jan-22,12:19:59,1,6.534
85844,7-Jan-22,8:48:07,-4.79,8.868
85873,7-Jan-22,19:19:41,32.93,8.548
85902,7-Jan-22,22:47:43,16.21,9.064
85931,7-Jan-22,21:23:56,NaN,8.716
85960,7-Jan-22,7:24:18,NaN,0.934
85989,7-Jan-22,11:58:44,12.47,7.578
86035,7-Jan-22,17:36:08,32.61,6.258
86064,7-Jan-22,18:38:17,7.64,8.118
86093,7-Jan-22,14:51:19,14.91,5.838
86122,7-Jan-22,10:54:16,33.32,8.008
86151,7-Jan-22,1:30:29,-1.07,0.99
86180,7-Jan-22,21:45:08,12.17,8.484
86209,7-Jan-22,5:38:38,39.46,0.986
86238,7-Jan-22,1:08:45,38.44,0.9
86267,7-Jan-22,13:49:31,NaN,5.63
86296,7-Jan-22,11:15:18,22.59,6.81
86308,7-Jan-22,3:36:19,13.92,0.892
86337,7-Jan-22,18:17:01,21.98,7.17
86366,7-Jan-22,22:26:56,0.73,8.072
86395,7-Jan-22,12:41:59,2.79,7.052
86424,7-Jan-22,16:14:18,14.53,6.34
86453,7-Jan-22,5:17:09,6.57,0.946
86482,7-Jan-22,0:29:09,21.71,1.91
86511,7-Jan-22,14:09:32,3.29,5.98
86540,7-Jan-22,17:55:57,24.54,7.132
86569,7-Jan-22,7:03:55,8.03,1.028
86598,7-Jan-22,2:34:48,31.89,0.96
86627,7-Jan-22,7:45:46,37.53,8.934
86656,7-Jan-22,3:16:15,6.98,0.976
86685,7-Jan-22,11:36:14,-4.27,7.174
86714,7-Jan-22,19:39:04,3.82,7.36
86743,7-Jan-22,22:07:13,9.13,9.192
86788,7-Jan-22,14:30:15,31.58,6.018
86817,7-Jan-22,10:30:53,4.68,8.632
86846,7-Jan-22,15:53:55,20.24,5.868
86875,7-Jan-22,6:20:25,0.34,0.988
86904,7-Jan-22,9:47:41,6.94,25.282
86933,7-Jan-22,20:19:03,23.98,7.964
73596,8-Jan-22,0:10:47,39.95,0.974
73625,8-Jan-22,6:13:41,-4.77,0.988
73654,8-Jan-22,9:47:11,21.65,0.986
73683,8-Jan-22,17:25:44,0.92,0.914
73712,8-Jan-22,3:22:00,31.16,1.002
73741,8-Jan-22,12:33:03,25.7,0.898
73770,8-Jan-22,18:07:35,NaN,0.932
73799,8-Jan-22,23:45:03,-4.58,0.926
73828,8-Jan-22,6:54:29,-2.53,0.896
73857,8-Jan-22,15:22:42,14.27,0.964
73886,8-Jan-22,8:20:11,11.29,2.022
73915,8-Jan-22,12:13:36,3.09,0.968
73944,8-Jan-22,17:46:59,29.67,0.968
73973,8-Jan-22,22:39:08,-4.92,0.952
74002,8-Jan-22,10:09:03,6.54,0.994
74031,8-Jan-22,0:30:25,18.93,0.912
74060,8-Jan-22,15:41:57,-1,0.86
74089,8-Jan-22,19:06:36,39.94,0.898
74118,8-Jan-22,14:36:50,37.51,0.896
74147,8-Jan-22,10:51:53,12.18,0.914
74176,8-Jan-22,5:52:06,16.42,0.992
74205,8-Jan-22,23:24:37,-0.27,1.022
74234,8-Jan-22,4:03:25,2.37,0.924
74263,8-Jan-22,8:42:13,5.82,1.022
74292,8-Jan-22,16:04:01,5.02,0.992
74321,8-Jan-22,21:58:48,-3.78,0.992
74350,8-Jan-22,22:17:54,NaN,0.896
74379,8-Jan-22,16:44:53,31.12,0.924
74408,8-Jan-22,21:16:29,9.18,0.98
74437,8-Jan-22,4:25:35,12.15,1.008
74466,8-Jan-22,1:33:12,21.25,0.96
74495,8-Jan-22,5:09:24,1.75,1.014
74524,8-Jan-22,9:25:32,18.37,1.982
74535,8-Jan-22,17:05:28,37.18,0.96
74564,8-Jan-22,13:15:50,32.25,1.028
74593,8-Jan-22,13:56:55,39.88,0.92
74640,8-Jan-22,20:55:03,12.56,1.952
74669,8-Jan-22,1:12:30,18.04,0.972
74698,8-Jan-22,5:30:24,6.25,0.96
74727,8-Jan-22,0:51:12,-4.35,0.94
74756,8-Jan-22,4:47:13,0.2,1.002
74785,8-Jan-22,11:52:03,14.03,0.864
74814,8-Jan-22,16:23:53,35.85,0.922
74843,8-Jan-22,21:36:58,26.94,0.912
74872,8-Jan-22,10:31:17,19.12,1.032
74901,8-Jan-22,14:17:27,20.99,0.924
74930,8-Jan-22,20:08:24,30.73,0.956
74959,8-Jan-22,2:16:58,18.63,1.988
74988,8-Jan-22,6:34:39,17.47,0.948
75017,8-Jan-22,7:35:48,1.24,0.948
75046,8-Jan-22,11:12:10,3.86,0.94
75075,8-Jan-22,2:59:50,33.84,0.976
75104,8-Jan-22,2:38:45,16.1,0.996
75133,8-Jan-22,7:15:16,39.71,0.948
75162,8-Jan-22,11:33:03,37.41,0.96
75191,8-Jan-22,15:01:25,20.72,1.116
75220,8-Jan-22,19:47:35,2.63,1.868
75249,8-Jan-22,12:52:49,-2.51,0.894
75278,8-Jan-22,3:43:33,5.75,0.966
75307,8-Jan-22,13:36:59,19.66,0.948
75336,8-Jan-22,18:46:29,0.86,1.77
75365,8-Jan-22,23:02:00,38.47,1.062
77600,9-Jan-22,20:54:31,-1.56,8.784
77629,9-Jan-22,9:09:59,35.32,0.912
77658,9-Jan-22,23:41:11,32.3,18.39
77687,9-Jan-22,19:52:56,24.4,0.94
77716,9-Jan-22,16:44:52,4.07,1.016
77745,9-Jan-22,13:18:08,9.76,0.962
77774,9-Jan-22,9:30:50,38.97,0.996
77803,9-Jan-22,5:02:19,24.7,0.946
77832,9-Jan-22,0:04:59,35.6,0.926
77861,9-Jan-22,18:50:15,10.91,1.882
77890,9-Jan-22,15:20:47,3.95,0.964
77919,9-Jan-22,10:32:39,30.89,0.97
77948,9-Jan-22,2:37:18,-1.95,0.952
77977,9-Jan-22,21:57:25,10.7,8.878
78006,9-Jan-22,10:11:57,22.99,1.898
78035,9-Jan-22,13:59:01,25.33,0.9
78064,9-Jan-22,7:06:59,37.67,0.894
78093,9-Jan-22,6:47:25,0.38,0.942
78122,9-Jan-22,1:54:08,8.49,2.086
78151,9-Jan-22,7:28:37,15.68,0.988
78180,9-Jan-22,2:57:16,16.91,0.928
78209,9-Jan-22,14:19:15,37.61,0.936
78238,9-Jan-22,3:59:28,32.21,0.956
78267,9-Jan-22,22:18:15,30.6,9.164
78296,9-Jan-22,4:41:37,2.08,0.956
78325,9-Jan-22,13:39:09,NaN,0.992
78354,9-Jan-22,17:26:39,36.22,1.956
78383,9-Jan-22,19:32:44,2.1,1.012
78412,9-Jan-22,16:02:20,5.39,0.97
78441,9-Jan-22,8:09:16,-4.13,0.954
78470,9-Jan-22,12:36:54,19.1,0.944
78499,9-Jan-22,3:38:34,2.55,0.948
78528,9-Jan-22,22:58:05,2.3,8.794
78557,9-Jan-22,12:56:55,-1.33,0.926
78586,9-Jan-22,20:34:48,32.31,8.102
78615,9-Jan-22,8:49:48,21.1,0.922
78644,9-Jan-22,3:18:14,-3.71,0.948
78673,9-Jan-22,17:48:20,36.94,1.012
78702,9-Jan-22,0:24:51,20.26,0.9
78731,9-Jan-22,10:52:26,20.11,0.922
78760,9-Jan-22,6:26:25,24.93,0.908
78789,9-Jan-22,1:04:57,38.72,0.92
78818,9-Jan-22,6:06:47,18.76,1.06
78847,9-Jan-22,16:22:57,5.63,0.95
78876,9-Jan-22,8:30:09,1,0.974
78905,9-Jan-22,4:20:32,26.37,0.964
78934,9-Jan-22,11:34:41,2.99,0.908
78963,9-Jan-22,19:10:50,-2.23,0.984
78992,9-Jan-22,22:38:02,20.62,8.854
79021,9-Jan-22,14:40:24,NaN,1
79050,9-Jan-22,15:41:07,21.75,0.952
79079,9-Jan-22,20:13:30,-3.75,0.956
79108,9-Jan-22,0:44:48,8.77,0.916
79137,9-Jan-22,5:43:31,26.35,1.882
79166,9-Jan-22,12:16:36,31.71,1.024
79195,9-Jan-22,7:48:50,24.17,0.962
79224,9-Jan-22,21:38:03,30.43,9.758
79253,9-Jan-22,21:15:52,32.7,9.572
79282,9-Jan-22,11:15:04,15.21,1.062
79311,9-Jan-22,11:54:29,27.37,0.94
79340,9-Jan-22,2:15:57,26.2,0.998
79369,9-Jan-22,18:09:03,20.75,0.958
79398,9-Jan-22,14:59:37,29.38,0.88
77114,10-Jan-22,19:54:47,22.33,7.48
77143,10-Jan-22,8:33:11,31.61,0.922
77172,10-Jan-22,11:58:57,29.15,0.944
77201,10-Jan-22,4:29:47,-3.43,0.952
77233,10-Jan-22,12:18:24,35.96,0.914
77286,10-Jan-22,21:35:48,17.11,8.444
77289,10-Jan-22,12:18:24,10.85,0.914
77317,10-Jan-22,8:53:14,1.29,0.922
77346,10-Jan-22,4:48:51,9.81,0.87
77375,10-Jan-22,10:58:05,39.48,0.99
77404,10-Jan-22,14:09:08,5.78,1.074
77433,10-Jan-22,6:32:26,7.79,1.014
77462,10-Jan-22,3:04:21,-4,1.012
77491,10-Jan-22,21:57:08,4.55,8.444
77520,10-Jan-22,6:52:57,NaN,0.944
77549,10-Jan-22,2:23:21,21.67,0.912
77578,10-Jan-22,14:28:53,22.15,0.912
77607,10-Jan-22,16:51:00,NaN,6.384
77636,10-Jan-22,19:35:24,37.23,15.306
77665,10-Jan-22,15:10:09,21.03,0.988
77694,10-Jan-22,20:54:34,7.03,7.78
77723,10-Jan-22,11:38:25,20.64,0.932
77752,10-Jan-22,7:33:17,11.89,0.91
77781,10-Jan-22,2:03:32,12.72,0.906
77810,10-Jan-22,22:18:47,34.65,8.68
77839,10-Jan-22,17:52:10,36.31,6.636
77868,10-Jan-22,8:13:41,9.52,0.936
77897,10-Jan-22,3:47:41,5.1,0.932
77926,10-Jan-22,13:03:18,26.66,1.116
77955,10-Jan-22,15:50:47,8.19,0.904
77984,10-Jan-22,5:09:42,-4.48,0.962
78013,10-Jan-22,9:56:23,-3.84,0.992
78042,10-Jan-22,20:34:28,38.35,8.204
78071,10-Jan-22,20:15:45,4.36,7.734
78100,10-Jan-22,5:50:00,36.21,1.886
78129,10-Jan-22,0:41:56,15.35,0.924
78158,10-Jan-22,13:24:35,-0.68,0.974
78187,10-Jan-22,16:11:44,11.95,3.81
78216,10-Jan-22,18:32:57,13.39,6.902
78245,10-Jan-22,4:08:53,5.62,0.976
78274,10-Jan-22,21:14:24,7.38,8.256
78303,10-Jan-22,17:12:05,15.86,6.328
78332,10-Jan-22,10:37:27,22.02,0.956
78356,10-Jan-22,6:10:26,20.38,0.94
78385,10-Jan-22,0:22:16,37.84,1.864
78414,10-Jan-22,23:20:38,31.74,8.392
78443,10-Jan-22,13:45:32,6.44,0.982
78472,10-Jan-22,17:31:46,7.6,5.756
78501,10-Jan-22,1:23:09,11.27,0.892
78530,10-Jan-22,10:16:22,36.07,0.936
78564,10-Jan-22,9:12:28,3.56,0.92
78593,10-Jan-22,3:27:43,20.14,1.056
78622,10-Jan-22,23:42:16,8.34,9.094
78651,10-Jan-22,16:31:04,3.79,7.214
78680,10-Jan-22,9:35:45,16.17,1.056
78709,10-Jan-22,1:03:10,1.6,0.97
78738,10-Jan-22,23:00:18,24.02,8.104
78767,10-Jan-22,18:11:59,7.25,7.194
78796,10-Jan-22,2:42:50,10.7,0.9
78825,10-Jan-22,12:39:44,35.83,0.972
78854,10-Jan-22,7:13:03,7.67,0.926
78883,10-Jan-22,15:30:37,5.37,0.944
78912,10-Jan-22,1:43:21,NaN,0.956
78941,10-Jan-22,7:53:17,NaN,0.956
78970,10-Jan-22,11:18:47,6.08,0.946
78999,10-Jan-22,14:48:38,38.32,0.944
79028,10-Jan-22,18:54:15,35.8,8.156
79057,10-Jan-22,22:40:03,1.31,8.692
79534,11-Jan-22,21:57:29,3.47,8.154
79563,11-Jan-22,10:28:50,33.87,7.86
79592,11-Jan-22,6:35:59,39,0.96
79621,11-Jan-22,17:05:22,11.63,5.674
79650,11-Jan-22,15:19:12,-3.07,3.184
79679,11-Jan-22,10:48:52,35.94,7.52
79708,11-Jan-22,7:15:35,21.94,0.88
79737,11-Jan-22,3:05:27,35.52,0.966
79766,11-Jan-22,19:50:56,37.04,7.82
79795,11-Jan-22,14:37:58,21.14,4.186
79824,11-Jan-22,7:36:18,22.58,0.982
79853,11-Jan-22,11:10:19,36.58,6.368
79882,11-Jan-22,21:12:42,28.37,8.29
79911,11-Jan-22,17:45:57,19.95,6.648
79940,11-Jan-22,13:15:26,2.35,4.752
79969,11-Jan-22,3:45:59,-1.14,0.908
79998,11-Jan-22,22:18:34,29.91,8.514
80027,11-Jan-22,18:27:07,-2.2,6.38
80056,11-Jan-22,10:06:46,0.11,8.34
80085,11-Jan-22,1:42:04,13.64,0.93
80114,11-Jan-22,20:12:15,NaN,8.472
80143,11-Jan-22,11:30:16,7.44,5.528
80186,11-Jan-22,3:25:35,38.53,0.936
80215,11-Jan-22,22:58:35,27.35,7.484
80244,11-Jan-22,16:23:43,34.25,5.742
80273,11-Jan-22,13:56:19,24.63,4.638
80302,11-Jan-22,9:45:28,22.46,8.776
80331,11-Jan-22,5:53:14,20.58,1
80360,11-Jan-22,0:21:51,17.39,2.35
80389,11-Jan-22,9:05:10,18.59,9.288
80418,11-Jan-22,4:45:49,27.82,1.832
80447,11-Jan-22,23:19:19,9.18,8.22
80476,11-Jan-22,15:39:59,18.04,4.24
80505,11-Jan-22,19:30:39,-4.84,14.988
80534,11-Jan-22,15:59:41,18.55,4.344
80563,11-Jan-22,12:10:23,16.28,5.16
80592,11-Jan-22,2:02:17,14.68,0.932
80607,11-Jan-22,7:56:26,38.24,0.908
80636,11-Jan-22,23:39:00,38.11,7.02
80665,11-Jan-22,21:36:36,-3.13,8.616
80694,11-Jan-22,9:25:49,13.82,9.268
80723,11-Jan-22,12:33:18,20.3,5.57
80752,11-Jan-22,4:06:14,-0.91,0.93
80781,11-Jan-22,14:59:50,25.68,4.03
80810,11-Jan-22,17:24:31,38.2,6.04
80839,11-Jan-22,6:14:49,14.97,0.982
80868,11-Jan-22,2:44:55,NaN,0.964
80897,11-Jan-22,8:43:40,3.62,10.728
80926,11-Jan-22,11:51:36,21.93,5.984
80955,11-Jan-22,20:52:13,25.89,7.538
80984,11-Jan-22,22:38:27,23.14,7.524
81013,11-Jan-22,6:56:06,1.2,0.94
81042,11-Jan-22,12:52:26,9.87,5.242
81071,11-Jan-22,2:23:43,-4.83,0.964
81100,11-Jan-22,18:06:01,14.62,5.756
81129,11-Jan-22,8:19:07,25.72,1.042
81158,11-Jan-22,20:32:15,29.17,7.908
81187,11-Jan-22,13:35:23,37.83,4.322
81216,11-Jan-22,1:21:37,14.08,0.886
81245,11-Jan-22,1:02:25,24.12,0.932
81274,11-Jan-22,5:07:23,31.01,0.972
81303,11-Jan-22,18:47:29,12.14,7.444
81332,11-Jan-22,14:17:10,31.96,4.496
81361,11-Jan-22,16:43:55,11.44,4.88
81390,11-Jan-22,0:42:10,8.04,0.948
81419,11-Jan-22,5:31:26,15.06,1.13
83189,12-Jan-22,22:48:43,NaN,9.412
83218,12-Jan-22,8:39:49,28.13,0.952
83247,12-Jan-22,12:34:45,34.15,1.012
83276,12-Jan-22,3:04:28,17.33,0.916
83305,12-Jan-22,15:44:27,29.91,0.936
83334,12-Jan-22,18:52:39,26.96,0.92
83363,12-Jan-22,7:59:37,2.3,1.046
83392,12-Jan-22,12:55:41,1.3,0.972
83421,12-Jan-22,1:20:24,3.77,0.944
83450,12-Jan-22,16:48:04,37.1,1.956
83479,12-Jan-22,20:17:45,2.47,1.978
83508,12-Jan-22,23:08:35,21.6,8.844
83537,12-Jan-22,13:37:33,-4.49,1.032
83566,12-Jan-22,16:05:16,NaN,0.98
83595,12-Jan-22,10:04:12,21.2,0.912
83624,12-Jan-22,0:40:05,25.18,0.978
83653,12-Jan-22,5:54:12,-3.58,0.976
83682,12-Jan-22,19:35:35,4.91,0.942
83711,12-Jan-22,19:14:39,29.65,1.038
83740,12-Jan-22,23:29:08,31.24,9.172
83757,12-Jan-22,1:43:54,4.15,1.072
83786,12-Jan-22,2:03:35,35.39,0.9
83815,12-Jan-22,6:14:32,2.68,0.966
83844,12-Jan-22,10:24:22,24.99,0.954
83873,12-Jan-22,12:12:46,27.89,1.044
83902,12-Jan-22,4:09:06,33.2,0.96
83931,12-Jan-22,22:27:42,0.19,9.172
83960,12-Jan-22,15:23:48,9.81,0.988
84004,12-Jan-22,17:08:59,-4.18,0.984
84033,12-Jan-22,17:51:10,27.38,1.946
84062,12-Jan-22,7:18:18,8.58,2.03
84091,12-Jan-22,3:24:25,6.49,0.924
84120,12-Jan-22,5:11:08,30.63,0.94
84149,12-Jan-22,21:01:01,NaN,8.248
84178,12-Jan-22,13:58:10,23.03,0.948
84207,12-Jan-22,18:13:17,15.16,1.016
84236,12-Jan-22,21:45:59,37.76,10.338
84265,12-Jan-22,14:41:57,21.81,0.914
84293,12-Jan-22,8:19:26,35.26,0.902
84323,12-Jan-22,10:45:25,22.69,0.972
84337,12-Jan-22,2:25:03,9.71,1
84366,12-Jan-22,22:06:52,11.37,9.226
84395,12-Jan-22,23:54:04,19.91,5.748
84424,12-Jan-22,3:48:33,30.63,1.096
84453,12-Jan-22,11:50:24,10.12,1
84482,12-Jan-22,13:15:58,12.95,0.908
84511,12-Jan-22,4:50:45,10.5,1.916
84540,12-Jan-22,18:32:30,33.17,0.906
84569,12-Jan-22,15:02:48,0.76,0.978
84598,12-Jan-22,2:44:25,18.39,0.876
84627,12-Jan-22,6:33:53,NaN,0.892
84656,12-Jan-22,11:06:38,18.63,0.99
84685,12-Jan-22,9:23:58,8.81,2.038
84714,12-Jan-22,0:18:42,20.28,1.806
84743,12-Jan-22,20:39:37,14.03,1.022
84772,12-Jan-22,14:21:59,32.77,1.088
84813,12-Jan-22,11:28:52,7.48,1.036
84842,12-Jan-22,7:37:25,0.72,0.866
84871,12-Jan-22,21:22:55,34.5,9.536
84900,12-Jan-22,9:43:59,36.69,0.956
84929,12-Jan-22,5:32:46,26.55,0.972
84958,12-Jan-22,1:00:16,-4.13,0.924
90827,13-Jan-22,17:56:43,1.42,1.002
90856,13-Jan-22,10:34:11,26.17,3.132
90885,13-Jan-22,14:27:29,30.4,1.056
90902,13-Jan-22,6:46:17,20.57,0.93
90931,13-Jan-22,21:47:35,20.28,8.864
90960,13-Jan-22,12:19:45,1.08,0.944
90989,13-Jan-22,4:57:18,12.2,1.018
91018,13-Jan-22,2:05:35,-4.35,1.008
91047,13-Jan-22,23:53:50,-0.59,0.922
91076,13-Jan-22,17:14:28,29.74,0.912
91105,13-Jan-22,13:43:25,-2.52,0.988
91134,13-Jan-22,9:52:05,32.71,0.976
91163,13-Jan-22,1:43:54,23.52,0.942
91192,13-Jan-22,20:24:07,7.13,9.468
91221,13-Jan-22,16:34:39,13.81,0.982
91250,13-Jan-22,11:16:24,0.73,0.98
91279,13-Jan-22,4:13:39,21.17,1.96
91308,13-Jan-22,7:29:31,33.76,0.962
91337,13-Jan-22,18:40:13,15.87,1.096
91366,13-Jan-22,5:42:00,18.56,2.074
91395,13-Jan-22,0:38:09,0.65,1.008
91424,13-Jan-22,9:31:21,2.64,0.984
91453,13-Jan-22,3:31:00,6.72,1.014
91482,13-Jan-22,16:54:44,34.22,0.958
91511,13-Jan-22,19:43:24,NaN,5.014
91540,13-Jan-22,8:49:35,22.75,0.924
91569,13-Jan-22,20:02:46,-3.74,8.784
91598,13-Jan-22,12:40:13,14.16,0.968
91627,13-Jan-22,9:09:56,11.28,0.936
91656,13-Jan-22,11:58:56,1.09,0.964
91685,13-Jan-22,3:08:51,NaN,0.93
91714,13-Jan-22,15:31:13,38.36,0.964
91743,13-Jan-22,11:38:06,NaN,1.004
91772,13-Jan-22,18:17:03,12.16,0.94
91801,13-Jan-22,22:08:07,35.29,8.14
91830,13-Jan-22,15:09:56,30.87,0.994
91859,13-Jan-22,1:23:11,24.83,2.084
91900,13-Jan-22,23:12:43,12.26,9.368
91929,13-Jan-22,2:48:48,23.33,1.022
91958,13-Jan-22,12:59:55,-2.28,0.906
91987,13-Jan-22,8:30:00,5.92,1.924
92016,13-Jan-22,17:35:16,12.42,0.938
92045,13-Jan-22,21:04:45,21.74,9.384
92074,13-Jan-22,23:32:56,13.7,7.662
92103,13-Jan-22,10:55:46,8.51,0.984
92132,13-Jan-22,7:08:47,-1.67,1.04
92161,13-Jan-22,14:48:25,6.05,0.966
92190,13-Jan-22,21:25:57,-0.22,9.208
92219,13-Jan-22,14:05:10,12.38,1.008
92248,13-Jan-22,20:44:14,33.69,8.688
92277,13-Jan-22,6:03:33,20.77,0.988
92306,13-Jan-22,6:25:28,31.57,1.012
92335,13-Jan-22,19:02:14,19.74,1.018
92364,13-Jan-22,22:50:11,24.66,16.756
92393,13-Jan-22,13:21:41,16.37,1.014
92422,13-Jan-22,7:48:34,29.28,0.87
92451,13-Jan-22,0:16:02,29.71,1.03
92480,13-Jan-22,4:34:42,39.79,0.982
92509,13-Jan-22,2:26:03,34.45,0.95
92538,13-Jan-22,16:12:51,2.51,1.948
89962,14-Jan-22,2:20:16,8.65,0.972
89991,14-Jan-22,6:27:59,21.22,0.956
90020,14-Jan-22,16:04:52,-3.38,0.912
90049,14-Jan-22,7:10:11,-4.48,1.016
90103,14-Jan-22,13:41:40,27.53,0.916
90127,14-Jan-22,22:13:15,19.71,0.948
90161,14-Jan-22,18:47:57,1.48,0.976
90190,14-Jan-22,14:42:30,NaN,0.906
90230,14-Jan-22,0:57:45,24.45,1.052
90259,14-Jan-22,12:21:21,37.22,1.012
90288,14-Jan-22,15:44:53,27.96,0.968
90317,14-Jan-22,19:29:47,0.14,0.95
90346,14-Jan-22,0:35:21,NaN,0.94
90360,14-Jan-22,8:53:47,NaN,0.99
90404,14-Jan-22,4:46:05,-2.52,0.974
90433,14-Jan-22,15:03:56,NaN,0.98
90462,14-Jan-22,21:32:46,23.48,0.964
90491,14-Jan-22,10:58:23,9.77,0.94
90520,14-Jan-22,3:43:43,20.72,0.944
90549,14-Jan-22,17:46:14,28.31,0.88
90578,14-Jan-22,14:02:46,35.26,0.964
90580,14-Jan-22,10:16:39,5.91,0.9
90609,14-Jan-22,3:23:18,17.88,0.918
90638,14-Jan-22,23:16:32,39.96,0.992
90667,14-Jan-22,5:26:39,9.66,0.956
90680,14-Jan-22,17:26:23,32.81,0.956
90709,14-Jan-22,8:32:54,13.26,0.988
90738,14-Jan-22,11:59:49,26.84,0.954
90767,14-Jan-22,14:23:27,35.05,0.95
90796,14-Jan-22,0:14:36,25.7,0.98
90825,14-Jan-22,4:25:06,6.98,0.93
90854,14-Jan-22,22:34:06,-1.21,0.938
90883,14-Jan-22,12:41:00,37.67,0.882
90912,14-Jan-22,9:15:44,30.44,0.978
90941,14-Jan-22,5:05:39,-2.23,0.92
90970,14-Jan-22,22:55:23,8.67,1.01
90999,14-Jan-22,19:09:09,5.12,0.962
91027,14-Jan-22,11:18:49,25.67,0.946
91056,14-Jan-22,8:11:36,12.4,0.938
91085,14-Jan-22,4:04:15,25.35,0.96
91130,14-Jan-22,21:11:58,29.01,1.896
91159,14-Jan-22,7:50:50,32.94,0.936
91177,14-Jan-22,11:39:29,20.64,0.938
91206,14-Jan-22,20:31:09,39.59,0.972
91235,14-Jan-22,16:46:01,12.8,0.916
91264,14-Jan-22,13:01:24,-4.72,0.948
91293,14-Jan-22,5:46:26,26.68,0.892
91322,14-Jan-22,1:18:20,1.11,0.94
91351,14-Jan-22,23:38:03,37.86,0.992
91380,14-Jan-22,20:09:50,5.87,0.914
91408,14-Jan-22,17:05:54,27.72,0.924
91464,14-Jan-22,9:35:46,NaN,0.948
91493,14-Jan-22,23:58:52,3.93,0.948
91522,14-Jan-22,21:52:55,6.93,0.928
91551,14-Jan-22,18:26:30,4.29,0.876
91580,14-Jan-22,15:24:23,14.55,0.93
91609,14-Jan-22,2:41:32,19.94,0.96
91638,14-Jan-22,7:30:37,8.38,0.932
91667,14-Jan-22,13:21:34,-2.41,0.94
91696,14-Jan-22,18:07:35,1.01,1.016
91725,14-Jan-22,3:02:54,-2.24,0.978
91727,14-Jan-22,6:06:54,30.3,0.948
91756,14-Jan-22,9:56:53,12.04,0.974
91785,14-Jan-22,19:50:41,22.58,0.962
91814,14-Jan-22,10:37:38,34.5,0.98
91843,14-Jan-22,6:48:38,7.96,0.936
91872,14-Jan-22,1:59:13,19.35,1.868
91901,14-Jan-22,16:25:44,35.61,0.962
77283,15-Jan-22,16:42:06,36.86,0.99
77312,15-Jan-22,13:55:42,17.07,2.906
77341,15-Jan-22,21:12:04,31.41,0.922
77347,15-Jan-22,8:15:42,17.34,1.028
77376,15-Jan-22,1:20:26,-0.61,0.924
77405,15-Jan-22,10:38:02,30.64,0.938
77434,15-Jan-22,6:31:39,17.41,0.906
77463,15-Jan-22,17:06:45,10.31,1.122
77492,15-Jan-22,19:29:05,3.21,0.954
77521,15-Jan-22,16:19:29,7,0.884
77550,15-Jan-22,20:30:10,NaN,0.9
77578,15-Jan-22,7:33:15,3.97,0.964
77607,15-Jan-22,12:29:14,3.87,1.956
77636,15-Jan-22,18:08:58,17.61,0.968
77665,15-Jan-22,14:38:41,27.74,0.962
77694,15-Jan-22,9:15:53,2.51,1.824
77723,15-Jan-22,4:48:24,17.09,0.842
77752,15-Jan-22,1:00:51,16.87,0.904
77781,15-Jan-22,22:39:24,-0.87,0.964
77810,15-Jan-22,20:51:22,18.91,0.988
77839,15-Jan-22,12:50:46,29.59,0.978
77868,15-Jan-22,2:05:56,17.28,0.946
77896,15-Jan-22,7:12:01,27.4,0.938
77925,15-Jan-22,21:33:25,9.8,0.966
77954,15-Jan-22,4:08:42,18.92,1.774
77983,15-Jan-22,8:36:34,-1.47,0.948
78012,15-Jan-22,15:19:00,26.91,0.948
78018,15-Jan-22,20:10:06,25.17,1.862
78047,15-Jan-22,0:19:48,14.9,0.95
78076,15-Jan-22,5:09:41,31.43,0.964
78105,15-Jan-22,17:47:08,29.86,1.85
78134,15-Jan-22,21:58:20,-3.49,1.162
78163,15-Jan-22,5:51:36,22.79,0.964
78192,15-Jan-22,11:41:28,7.15,0.994
78221,15-Jan-22,16:00:00,24.36,0.918
78250,15-Jan-22,19:08:51,5.6,1.78
78279,15-Jan-22,0:40:47,19.42,0.986
78308,15-Jan-22,6:51:29,29.56,0.916
78337,15-Jan-22,10:18:02,12.22,0.938
78366,15-Jan-22,22:18:37,-4.73,0.926
78395,15-Jan-22,14:17:07,9.99,0.98
78424,15-Jan-22,4:29:45,36.28,0.998
78453,15-Jan-22,23:40:37,30.1,1.01
78482,15-Jan-22,11:19:47,30.66,0.92
78511,15-Jan-22,5:30:53,16.31,0.972
78540,15-Jan-22,3:29:16,36.76,1.83
78569,15-Jan-22,7:53:49,4.42,0.932
78598,15-Jan-22,23:18:40,7.06,1.812
78627,15-Jan-22,10:59:38,28.13,0.998
78656,15-Jan-22,2:49:43,29.36,2.022
78731,15-Jan-22,15:39:56,10.54,0.94
78760,15-Jan-22,9:57:38,7.28,0.914
78789,15-Jan-22,1:45:19,3.49,1.12
78818,15-Jan-22,18:29:02,17.91,0.932
78847,15-Jan-22,9:37:12,38.91,0.976
78876,15-Jan-22,14:58:34,28.03,0.9
78905,15-Jan-22,6:12:10,30.26,0.928
88780,16-Jan-22,11:27:48,37.26,0.944
88809,16-Jan-22,0:00:18,12.49,0.898
88830,16-Jan-22,4:07:36,-2.19,0.878
88859,16-Jan-22,7:57:58,24.83,0.972
88904,16-Jan-22,18:26:45,-4.96,0.936
88933,16-Jan-22,21:38:23,5.61,0.964
88951,16-Jan-22,5:09:46,13.11,0.99
88980,16-Jan-22,0:20:25,0.05,0.896
89023,16-Jan-22,12:48:40,13.69,0.908
89052,16-Jan-22,23:44:30,2.29,0.942
89081,16-Jan-22,20:56:58,18.42,1.064
89110,16-Jan-22,2:43:11,NaN,0.988
89139,16-Jan-22,11:07:15,19.94,1.008
89168,16-Jan-22,3:48:02,30.63,1.882
89197,16-Jan-22,17:23:13,0.37,1.052
89226,16-Jan-22,22:20:10,35.14,0.996
89255,16-Jan-22,14:15:13,25.25,1.008
89275,16-Jan-22,20:34:09,23.3,1.044
89304,16-Jan-22,9:43:24,29.55,1.892
89319,16-Jan-22,16:38:54,29.38,0.942
89348,16-Jan-22,5:50:41,23.71,0.892
89388,16-Jan-22,0:40:11,20.06,0.932
89417,16-Jan-22,15:57:47,1.68,0.926
89446,16-Jan-22,12:29:17,2.44,1.852
89475,16-Jan-22,23:03:01,24.85,1.02
89504,16-Jan-22,20:11:46,36.24,0.958
89533,16-Jan-22,15:37:35,15.18,0.92
89562,16-Jan-22,8:41:41,31.94,2.022
89591,16-Jan-22,2:01:41,18.26,1.016
89620,16-Jan-22,4:28:11,31.24,0.964
89649,16-Jan-22,7:37:02,26.02,0.948
89678,16-Jan-22,22:41:35,33.01,0.982
89707,16-Jan-22,19:07:50,33.74,1.912
89736,16-Jan-22,0:59:23,14.86,0.888
89754,16-Jan-22,6:16:14,9.7,1.178
89783,16-Jan-22,14:37:02,20.44,0.996
89812,16-Jan-22,18:06:07,10.93,1.016
89841,16-Jan-22,10:23:56,NaN,1.876
89870,16-Jan-22,6:55:49,7.32,0.906
89899,16-Jan-22,1:39:48,15.75,0.94
89912,16-Jan-22,15:17:53,28.58,0.88
89941,16-Jan-22,11:48:30,39.96,0.96
89977,16-Jan-22,19:30:20,15.26,1.044
90006,16-Jan-22,10:45:48,8.99,0.992
90035,16-Jan-22,13:11:00,16.86,1.046
90064,16-Jan-22,16:18:42,11.92,0.984
90093,16-Jan-22,7:16:02,22.35,0.958
90122,16-Jan-22,3:07:24,12.4,1.088
90160,16-Jan-22,23:24:16,11.09,0.994
90189,16-Jan-22,17:00:07,36,0.98
90218,16-Jan-22,13:31:29,30.12,0.934
90248,16-Jan-22,1:19:34,20.13,0.892
90276,16-Jan-22,5:30:39,17.78,0.996
90316,16-Jan-22,17:44:07,8.16,0.98
90345,16-Jan-22,21:59:11,24.8,0.97
90374,16-Jan-22,14:58:20,30.89,0.984
90403,16-Jan-22,9:02:20,10.98,0.938
90432,16-Jan-22,4:47:53,1.75,0.89
90461,16-Jan-22,19:51:37,35.02,0.962
90490,16-Jan-22,2:22:24,5.1,0.92
90519,16-Jan-22,6:35:28,15.49,0.906
90548,16-Jan-22,21:17:11,19.31,0.952
90577,16-Jan-22,13:53:19,25.89,1.02
89922,17-Jan-22,23:06:53,25.34,9.492
89951,17-Jan-22,3:36:08,33.25,0.892
89980,17-Jan-22,11:18:15,-3.55,0.98
90009,17-Jan-22,17:23:56,10.32,0.922
90038,17-Jan-22,2:34:52,20.1,0.96
90067,17-Jan-22,13:09:12,30.3,1.148
90096,17-Jan-22,19:07:49,36.61,2.894
90125,17-Jan-22,22:45:18,12.2,9.904
90154,17-Jan-22,19:50:33,18.52,0.944
90183,17-Jan-22,14:14:32,38.55,0.996
90212,17-Jan-22,0:27:05,-2.54,1.956
90241,17-Jan-22,8:09:00,15.49,1.94
90270,17-Jan-22,13:53:11,12.66,1.078
90299,17-Jan-22,12:00:01,38.33,0.996
90328,17-Jan-22,5:22:05,22.76,0.996
90357,17-Jan-22,9:12:18,4,1.942
90386,17-Jan-22,16:21:29,30.35,1.884
90415,17-Jan-22,12:22:11,6.09,1.02
90444,17-Jan-22,3:16:45,28.77,0.974
90473,17-Jan-22,7:27:11,24.09,0.922
90502,17-Jan-22,2:55:26,22.57,0.958
90531,17-Jan-22,20:57:05,34.42,1.014
90560,17-Jan-22,20:35:39,NaN,1.024
90589,17-Jan-22,4:40:38,28.06,1.052
90618,17-Jan-22,22:00:59,35.39,0.99
90647,17-Jan-22,10:12:48,7.04,0.874
90676,17-Jan-22,8:30:37,2.41,1.016
90705,17-Jan-22,4:18:01,26.2,0.948
90734,17-Jan-22,15:40:18,33.35,0.99
90763,17-Jan-22,21:39:45,0.09,0.944
90792,17-Jan-22,19:30:18,-2.07,1.046
90821,17-Jan-22,10:57:26,2.15,2.082
90850,17-Jan-22,7:07:39,27.86,0.95
90879,17-Jan-22,2:14:05,5.2,0.99
90908,17-Jan-22,6:46:33,30.23,0.924
90937,17-Jan-22,3:57:15,-1.48,0.96
90966,17-Jan-22,23:49:17,1.97,18.872
90995,17-Jan-22,21:19:25,36.09,1.026
91024,17-Jan-22,17:44:47,22.77,0.966
91053,17-Jan-22,14:57:23,38.96,1.966
91082,17-Jan-22,11:38:42,24.23,0.972
91111,17-Jan-22,5:00:21,26.61,0.92
91140,17-Jan-22,15:19:01,0.94,1.022
91169,17-Jan-22,18:05:46,31.37,0.952
91198,17-Jan-22,22:22:31,18.06,3.922
91227,17-Jan-22,13:30:04,5.3,0.974
91256,17-Jan-22,1:52:32,37.6,2.034
91285,17-Jan-22,6:26:26,-0.22,1.96
91314,17-Jan-22,9:53:32,4.91,1.04
91343,17-Jan-22,0:48:14,-3.81,0.986
91372,17-Jan-22,5:43:53,-3.67,1.008
91401,17-Jan-22,12:44:38,31.58,1.032
91430,17-Jan-22,17:03:58,-0.35,1.99
91459,17-Jan-22,9:31:26,8.86,0.886
91488,17-Jan-22,1:08:30,25.84,0.934
91517,17-Jan-22,20:13:06,39.71,1.056
92563,18-Jan-22,7:31:59,3.96,9.384
92592,18-Jan-22,0:55:40,29.8,3.298
92621,18-Jan-22,18:17:46,6.25,10.592
92650,18-Jan-22,21:43:52,NaN,7.352
92679,18-Jan-22,23:28:26,30.12,7.238
92708,18-Jan-22,13:24:42,31.5,3.448
92737,18-Jan-22,20:03:51,3.13,13.772
92766,18-Jan-22,11:01:47,-4.25,5.808
92795,18-Jan-22,3:40:50,-1.1,3.268
92824,18-Jan-22,18:38:37,13.05,6.11
92853,18-Jan-22,11:42:55,38.7,4.68
92882,18-Jan-22,5:24:45,33.19,3.486
92911,18-Jan-22,1:59:24,6.94,7.842
92940,18-Jan-22,9:59:45,27.4,7.142
92969,18-Jan-22,21:04:21,22.52,7.242
92998,18-Jan-22,20:44:19,21.44,13.396
93027,18-Jan-22,2:18:46,28.99,2.276
93056,18-Jan-22,19:20:11,23.47,10.618
93085,18-Jan-22,17:15:13,-4.62,3.708
93114,18-Jan-22,10:40:27,4.19,6.236
93143,18-Jan-22,6:48:28,32.9,2.744
93172,18-Jan-22,22:47:38,-4.81,7.728
93201,18-Jan-22,5:04:36,22.76,3.686
93230,18-Jan-22,3:00:32,27.49,6.688
93259,18-Jan-22,12:18:47,36.55,6.758
93288,18-Jan-22,9:16:27,-3.8,8.388
93317,18-Jan-22,6:07:17,27.7,6.636
93346,18-Jan-22,13:03:34,0.07,4.98
93375,18-Jan-22,16:07:36,28.27,2.558
93404,18-Jan-22,0:11:58,19.24,10.176
93433,18-Jan-22,8:34:11,8.54,8.802
93462,18-Jan-22,15:48:17,31.36,3.5
93491,18-Jan-22,12:40:56,31.14,5.13
93520,18-Jan-22,3:21:39,25.09,3.7
93549,18-Jan-22,21:23:53,14.47,6.182
93578,18-Jan-22,15:07:36,33.07,2.546
93607,18-Jan-22,23:07:40,7.07,7.282
93636,18-Jan-22,16:53:10,10.74,7.826
93665,18-Jan-22,9:38:40,6.52,7.752
93694,18-Jan-22,22:05:29,11.91,6.904
93723,18-Jan-22,1:16:58,31.55,3.914
93752,18-Jan-22,4:43:12,-1.43,2.56
93781,18-Jan-22,8:13:46,25.1,9.564
93810,18-Jan-22,14:27:33,12.13,2.462
93839,18-Jan-22,14:05:35,27.83,8.36
93868,18-Jan-22,6:27:52,-2.38,3.9
93897,18-Jan-22,10:21:04,20.45,6.502
93926,18-Jan-22,23:49:40,37.62,8.098
93955,18-Jan-22,7:52:30,23.09,7.924
93984,18-Jan-22,4:02:12,16.45,3.266
94013,18-Jan-22,11:21:40,26.88,4.792
94042,18-Jan-22,17:37:12,26.64,4.216
94071,18-Jan-22,14:46:28,35.14,3.658
94100,18-Jan-22,8:55:47,3.05,8.654
94129,18-Jan-22,0:34:57,39,6.606
94158,18-Jan-22,4:22:56,36.42,3.758
94187,18-Jan-22,15:27:43,36.23,3.35
94216,18-Jan-22,22:26:11,26.16,7.7
92112,19-Jan-22,2:15:17,5.78,2.702
92141,19-Jan-22,1:55:28,13.1,2.092
92170,19-Jan-22,5:21:51,8.54,3.696
92199,19-Jan-22,7:06:38,9.79,3.352
92228,19-Jan-22,22:57:15,14.53,6.66
92257,19-Jan-22,4:41:18,31.53,3.586
92285,19-Jan-22,1:33:37,3.95,2.562
92314,19-Jan-22,0:30:27,5.71,3.002
92343,19-Jan-22,6:45:38,22.32,4.004
92366,19-Jan-22,7:48:51,-2.14,9.5
92395,19-Jan-22,9:53:50,1.45,5.39
92424,19-Jan-22,14:34:13,33.07,2.694
92453,19-Jan-22,16:01:37,11.8,2.098
92482,19-Jan-22,21:33:50,24.54,6.364
92511,19-Jan-22,2:57:20,21.97,2.176
92540,19-Jan-22,3:18:49,28.16,3.376
92569,19-Jan-22,21:14:25,-3.04,13.062
92598,19-Jan-22,14:56:27,28.96,1.898
92627,19-Jan-22,16:22:20,3.71,2.142
92656,19-Jan-22,2:36:23,NaN,2.924
92685,19-Jan-22,5:42:49,25.44,2.302
92714,19-Jan-22,10:34:36,-1.36,5.082
92749,19-Jan-22,6:02:24,39.15,3.702
92778,19-Jan-22,0:09:50,NaN,5.766
92807,19-Jan-22,11:40:18,15.45,3.776
92836,19-Jan-22,16:42:22,1.33,2.042
92865,19-Jan-22,13:08:32,9.63,2.75
92894,19-Jan-22,19:50:58,16.45,5.18
92923,19-Jan-22,18:06:32,23.74,8.07
92952,19-Jan-22,7:27:40,18.52,4.832
92981,19-Jan-22,1:12:38,7.74,2.696
93010,19-Jan-22,11:17:47,17.6,4.642
93039,19-Jan-22,15:39:18,16.33,2.118
93068,19-Jan-22,18:28:04,37.41,3.854
93097,19-Jan-22,22:36:29,35.79,7.722
93126,19-Jan-22,14:12:49,35.07,2.158
93155,19-Jan-22,9:33:57,17.69,15.676
93184,19-Jan-22,3:58:39,21.18,2.77
93213,19-Jan-22,21:53:35,34.89,6.14
93242,19-Jan-22,19:30:23,28.61,5.208
93259,19-Jan-22,20:31:23,31.95,6.352
93288,19-Jan-22,17:22:17,29.55,5.366
93317,19-Jan-22,8:30:45,23.51,8.598
93346,19-Jan-22,3:38:52,0.36,2.124
93375,19-Jan-22,13:50:29,2.78,5.456
93404,19-Jan-22,12:46:35,29.1,3.362
93433,19-Jan-22,12:23:22,20.86,4.21
93462,19-Jan-22,20:10:35,36.19,5.636
93491,19-Jan-22,0:51:32,-1.55,2.034
93520,19-Jan-22,5:01:29,2.23,2.216
93549,19-Jan-22,8:52:09,32.63,7.85
93578,19-Jan-22,10:56:47,7.96,4.228
93608,19-Jan-22,6:23:36,13.27,2.504
93637,19-Jan-22,8:09:26,3.89,9.232
93666,19-Jan-22,10:14:22,2.67,5.306
93699,19-Jan-22,22:15:22,17.43,6.908
93728,19-Jan-22,15:17:04,20.35,1.926
93765,19-Jan-22,19:09:40,20.74,10.212
93794,19-Jan-22,23:18:32,NaN,7.848
93823,19-Jan-22,12:01:19,23.15,3.612
93852,19-Jan-22,4:19:51,39.42,2.84
96356,20-Jan-22,23:27:57,35.36,13.092
96385,20-Jan-22,0:21:06,-0.73,6.624
96414,20-Jan-22,12:08:36,22.17,2.314
96443,20-Jan-22,2:24:01,27.69,1.832
96472,20-Jan-22,18:53:25,30.75,4.574
96501,20-Jan-22,6:58:01,39.7,3.27
96530,20-Jan-22,1:02:45,20.93,1.836
96559,20-Jan-22,20:21:01,-4.77,7.24
96588,20-Jan-22,17:09:15,18.57,1.704
96617,20-Jan-22,1:24:15,17.5,2.136
96646,20-Jan-22,8:38:32,0.87,12.848
96675,20-Jan-22,13:37:50,25.43,1.04
96704,20-Jan-22,22:26:36,20.71,5.928
96733,20-Jan-22,19:55:52,25.43,9.28
96762,20-Jan-22,18:11:26,24.34,2.736
96791,20-Jan-22,3:47:18,23.96,4.038
96820,20-Jan-22,7:58:53,21.96,8.76
96849,20-Jan-22,12:52:15,37.34,2.576
96878,20-Jan-22,20:44:24,NaN,6.196
96907,20-Jan-22,13:16:59,21.71,2.612
96936,20-Jan-22,16:04:38,35.54,0.906
96965,20-Jan-22,11:04:59,39,3.292
96994,20-Jan-22,4:27:15,33.11,2.224
97023,20-Jan-22,0:42:08,10.54,2.948
97052,20-Jan-22,0:42:08,19.34,2.948
97081,20-Jan-22,19:14:01,4.17,4.236
97110,20-Jan-22,22:04:41,8.22,5.732
97139,20-Jan-22,15:25:01,38.7,1.994
97168,20-Jan-22,8:59:49,-3.84,6.144
97197,20-Jan-22,5:12:25,NaN,5.676
97226,20-Jan-22,21:24:09,1.66,5.676
97255,20-Jan-22,23:47:55,19.13,6.788
97284,20-Jan-22,17:50:05,34.33,3.588
97313,20-Jan-22,11:24:59,18.25,3.038
97342,20-Jan-22,17:28:37,29.12,1.548
97371,20-Jan-22,14:20:57,13.07,2.96
97400,20-Jan-22,1:43:39,12.22,1.842
97429,20-Jan-22,5:55:46,-0.73,5.25
97458,20-Jan-22,21:03:39,22.55,4.804
97487,20-Jan-22,2:04:08,22.4,1.994
97516,20-Jan-22,9:21:50,38.95,6.668
97545,20-Jan-22,6:37:32,19,2.248
97574,20-Jan-22,12:30:59,38.75,2.682
97603,20-Jan-22,22:47:26,35.4,6.432
97632,20-Jan-22,14:41:55,39.34,1.626
97661,20-Jan-22,18:32:30,39.19,3.018
97690,20-Jan-22,10:03:07,20.48,4.916
97719,20-Jan-22,11:47:31,34.58,3.602
97748,20-Jan-22,15:45:03,24.89,0.9
97777,20-Jan-22,0:00:17,-0.92,14.048
97806,20-Jan-22,4:06:44,-1.49,2.118
97835,20-Jan-22,7:17:57,33.48,2.22
97864,20-Jan-22,7:37:37,30.18,4.706
97893,20-Jan-22,10:44:35,8.62,7.66
97922,20-Jan-22,21:43:55,11.26,5.128
97951,20-Jan-22,9:43:03,39.12,5.924
97980,20-Jan-22,3:06:05,-3.37,4.664
98009,20-Jan-22,6:16:38,34.2,3.474
98038,20-Jan-22,16:48:03,-2.8,2.478
