vehicle_count,avg_speed,occupancy,hour,traffic_volume
181,28,93,18,277.82041889495366
250,26,87,20,420.3311279731924
51,79,13,0,74.1133791941495
112,37,45,11,185.79042544518188
91,52,38,14,133.720517506478
261,38,90,18,488.85209464345314
62,46,57,14,93.75925306543736
55,77,36,5,133.00966549754327
142,55,67,15,270.47116287501984
243,35,76,19,563.507615176766
145,21,74,20,361.07462409098565
158,31,68,18,277.30839073687406
57,57,25,23,113.65078680081368
124,20,85,7,245.7914052850062
119,53,64,13,263.8999612235651
141,57,60,11,322.57289704354014
13,58,18,1,22.489189575994484
266,35,84,10,453.2280964887396
62,71,23,0,98.40923376264583
138,17,82,9,198.66011270919734
69,72,15,2,93.26275753933369
55,77,29,21,121.22229560614848
42,60,32,5,101.68370665341952
19,70,37,1,27.107626787528215
113,57,31,12,136.34488041275534
141,15,85,18,239.79375873799398
30,51,30,2,70.39260141512688
48,64,10,23,91.85088159520342
49,60,22,1,112.24325724736349
168,31,92,20,408.0460563513799
41,74,13,6,63.6070028051036
179,24,85,17,406.8127822351055
89,47,39,13,167.37830753028626
162,15,99,17,399.2943802805081
71,76,36,0,93.03145059940833
21,66,19,23,36.75046383706801
63,59,22,5,88.52526570225281
47,77,29,1,57.486099815310965
89,53,38,16,117.77868197134526
200,35,71,20,246.44427837095844
19,64,14,2,41.266548187067926
251,26,99,20,608.0015582913794
224,35,93,8,379.8232212336501
213,19,70,9,423.9486780437773
52,54,30,0,111.55419633609851
95,31,69,12,194.61065783695636
68,37,47,16,156.91594064326534
251,31,89,20,304.0980184357086
17,54,21,6,33.94402440955091
134,46,35,12,325.1791360330221
139,30,87,18,178.82543682449696
37,61,15,0,64.47923619035537
67,52,20,23,141.77799241880533
23,56,34,21,36.631306602987706
136,30,59,12,287.4443241333566
279,26,83,20,676.1099312107941
61,42,46,13,112.2572454106781
54,69,12,5,134.6024061319791
11,55,31,5,25.68490567672432
14,66,17,6,21.796607420885877
26,65,10,23,39.19489780661431
125,38,64,8,254.64454476555503
18,58,20,0,26.719958379577605
286,24,99,7,486.01893913656994
75,67,14,3,140.76570063913078
267,25,93,10,638.4162688650176
278,30,75,17,415.8152265573925
104,58,69,12,181.8210754985936
139,38,74,7,195.04247469100085
59,65,28,23,119.3213829355292
129,34,55,15,199.69047505926554
119,32,39,13,283.7954272298434
47,51,36,0,75.76701389431153
23,74,33,6,35.51681075036561
65,62,14,5,151.22130752857774
143,35,82,10,286.45792098663327
180,36,88,7,301.2712366811829
27,63,28,0,55.56503024264382
88,44,32,16,116.18946583880052
90,41,66,13,222.0913778875855
39,78,13,0,52.29619975023022
64,72,24,3,105.85037001266447
19,56,14,22,23.625053082149645
148,21,83,8,242.5146172396066
134,34,92,7,170.58004842508726
217,31,70,9,492.72785969192216
34,51,15,22,66.6350600743698
195,37,72,9,442.9592686086817
220,19,61,10,495.4005212642576
27,60,32,21,48.0818081566608
147,30,45,12,214.12720784058754
55,75,26,1,70.00788857893458
173,32,90,9,282.7125258193359
14,64,33,23,17.49209937530172
50,57,36,22,106.06060368040477
130,43,60,15,289.7143505431856
85,53,31,13,106.52311568931911
69,71,37,23,101.41103144532802
101,31,49,15,126.98028138617774
253,37,84,9,342.33285053511804
48,67,39,3,96.48499487449644
29,69,12,6,37.4792694362708
42,54,24,23,74.36769791191358
20,63,24,0,24.380397385557934
28,55,29,21,60.414164840009626
41,54,17,2,88.84360792373495
168,32,61,10,410.0219382441238
123,43,43,13,212.92771763524837
125,59,69,13,228.115862621251
13,73,21,1,30.96679447792071
180,24,66,20,400.525068972989
16,52,22,21,19.401550319552285
100,33,58,15,140.29047549227496
116,49,49,15,276.84736129380536
29,57,26,23,69.37446494498906
200,17,86,8,447.3806942374175
31,61,17,5,60.930068722346654
48,75,20,2,88.24583697997569
11,72,13,1,21.93752200205194
37,79,26,22,74.17990822341581
71,32,43,15,90.96919062466353
45,53,18,3,108.74923132901675
201,36,82,18,311.00596467629964
280,17,69,8,449.4490397013875
58,55,34,2,101.02047927759985
73,64,39,1,165.9410358561006
51,57,33,6,109.2832933170844
93,35,44,12,133.93845957149873
136,29,93,19,206.96658746539978
61,55,28,1,141.54316838680296
111,37,36,15,204.2310518888781
245,15,67,9,607.2406130482859
74,57,19,0,152.55826314084422
137,28,99,7,268.5046197067081
65,48,61,12,147.4005080381025
145,56,66,14,215.12545813277728
71,50,33,21,99.46435704009217
112,41,62,12,209.98744444428561
123,37,44,15,307.23391697173207
162,17,81,20,247.34315544464914
33,61,24,6,43.658843378632916
101,34,51,11,227.93057863887393
156,17,92,10,309.20565931188145
25,78,31,2,32.31572105659989
67,79,21,0,163.74521804445197
136,38,65,8,189.06160314953726
191,39,93,18,472.6312452107927
29,68,33,0,53.690689601548186
251,17,70,8,421.5472745018429
53,57,19,2,124.59181584508842
74,35,47,15,148.54137743122533
91,53,51,11,223.4142864058513
14,65,25,1,24.7391130803232
84,44,53,13,155.98908849871654
47,64,16,21,101.01282484430054
43,50,10,22,89.27648488197006
35,74,13,22,87.08305042064191
87,45,43,12,215.43067220524927
94,47,46,11,170.07707317052538
106,59,48,11,218.79637400567066
33,58,20,4,58.08617410515263
257,35,84,20,640.9562072122568
102,31,61,15,181.64011218474826
151,32,92,7,332.2562855598133
47,74,14,22,92.97227708271234
148,34,61,12,314.32028000493096
20,62,35,21,34.9567837498494
213,23,84,17,257.95035041866254
174,37,84,8,342.44997109567817
136,19,73,8,338.71305563721705
129,32,40,13,263.01535807564983
61,78,22,2,119.28235612411973
75,65,34,1,156.30499402481973
62,50,23,6,118.73410264761408
268,29,88,10,610.9072930178681
213,33,69,8,519.6862569993245
151,32,98,18,374.661186452116
62,66,13,0,123.70311714818867
144,16,81,20,242.95247671637927
25,57,12,0,34.481159586914664
132,48,58,12,163.13489827801484
45,74,25,23,98.8496870418304
270,34,97,18,597.4299051377549
114,31,35,13,243.97339556213336
108,41,33,15,266.87541362341636
68,55,58,13,101.19588226585815
38,60,30,22,49.48690494140051
13,63,39,22,24.497856458385858
35,62,11,21,58.83911293548588
82,43,39,13,158.59340303047503
237,34,92,8,362.42660950145984
172,24,91,8,236.15050811945872
20,73,30,5,29.16792030802219
122,44,59,16,181.68457838116555
23,79,19,3,29.22566821788539
132,37,65,18,301.4432150857449
79,77,28,2,137.87456945446033
79,78,23,0,195.17713984994836
78,61,15,23,94.1454101189659
282,22,99,17,452.2889324593755
242,17,78,19,485.65697641633335
28,65,29,2,45.991885856506094
144,30,73,9,213.27085007129966
42,69,22,22,94.08916090637145
51,77,16,22,90.97431882324211
43,65,14,4,72.09705792254196
31,75,31,22,74.77020952637493
36,54,11,21,60.8410290067217
36,62,10,0,69.12705176742237
41,56,27,22,63.14130205679908
14,51,27,23,27.44264795740976
179,19,69,18,332.62816349836237
42,52,30,23,96.11303180814272
213,21,66,9,332.8404882416748
58,79,25,1,111.24023346556028
17,71,24,3,32.58171520107951
25,50,33,2,43.28950928299635
24,68,14,21,54.35847246812759
136,38,78,9,315.65065049513595
105,33,69,11,219.1913702730052
44,76,30,6,109.84057155836712
287,33,61,20,421.7078358687774
79,55,36,22,178.08872384900369
184,22,72,8,252.201194012823
123,50,34,14,179.57463707858506
66,76,11,23,97.75766537679436
67,50,12,23,92.92119107130222
135,28,91,8,181.26933347168253
87,30,46,13,143.21037931651077
135,40,30,15,176.29719402985125
20,51,36,3,27.108534277869335
126,19,65,20,239.012464404193
107,40,64,16,148.21222053094922
130,30,57,11,285.6283161397814
58,60,28,4,93.11079402368352
59,79,21,0,123.38155906407765
10,75,36,22,16.792552640388006
132,53,35,12,229.86259773775345
68,74,23,3,89.45961584724213
174,23,62,9,298.60454018414765
50,70,29,3,93.8901049132712
170,35,71,18,342.3629248949553
62,61,25,0,116.48545743798326
93,51,35,14,215.47392071025533
28,55,30,5,58.06129669087355
109,50,64,11,202.04531147703153
52,65,22,1,125.34052248020446
23,57,30,0,39.402136000185756
26,51,32,23,39.41123630070482
132,48,61,15,200.39838139865873
129,44,38,16,306.3631319250812
103,46,42,13,146.88698494073344
51,65,31,4,75.50323371675265
30,68,11,0,43.72022017120051
21,63,15,23,41.21881716910701
17,64,28,23,36.325788649350926
148,38,63,19,194.36576944888304
39,75,36,3,85.81290603790778
128,16,67,8,255.30026114384128
131,50,58,15,200.47496588015966
43,50,17,2,59.36990062441662
74,55,30,0,135.2756657533248
55,55,33,21,135.503261197803
13,64,38,3,18.29338954864207
298,26,94,17,471.11805541189875
257,20,77,7,536.4498750566497
50,75,22,0,64.19801475744794
110,36,53,14,185.8972353561675
188,39,61,17,271.0201653030038
255,24,98,17,457.8125130946983
112,51,43,14,244.59383321999258
72,58,17,4,106.97264941031042
71,53,16,0,175.19265623442257
49,57,30,3,76.44988251146687
10,79,38,22,20.016195143372784
46,52,29,21,104.68007676024033
73,52,31,16,160.71495209563554
58,53,18,2,79.12939931515353
278,25,96,8,594.0150150423445
16,50,36,23,24.73205141096158
79,75,33,3,163.34738026829726
39,78,29,1,93.30385616920547
272,31,66,9,564.9751225652348
137,44,53,12,296.51439467292283
62,66,15,21,140.6915538383666
28,70,11,5,42.46315592196674
70,60,16,1,158.13378288383757
29,63,24,23,59.754695645380906
122,51,41,14,204.83110166933886
38,78,18,3,66.90469661683493
93,54,56,14,174.68300265762744
30,62,19,6,41.480822038215976
120,49,56,15,163.66820595184151
42,56,11,2,95.35752125569154
54,68,21,6,69.3482941950845
72,34,50,11,170.54091528322866
109,39,50,15,171.79804579476212
188,29,86,17,241.34155300648152
131,35,95,20,235.42305392681556
261,32,74,10,399.7791279629582
20,55,13,4,31.410799384634785
128,27,62,7,316.28513468708036
28,60,19,4,52.3624745208075
124,57,61,14,301.60222863008227
281,37,95,10,408.40852556821505
123,21,81,19,257.1319269687634
22,61,20,2,32.18630422042611
98,49,36,11,176.2381568931777
122,37,62,10,196.55385526905349
54,77,21,6,111.45811585222307
80,44,66,12,175.43340659479753
21,58,27,5,39.59470828185763
101,48,49,13,156.74953575519365
36,66,25,2,65.74956909772082
148,54,32,15,264.55112146466513
231,31,99,7,538.2022684418774
63,64,15,0,135.58309891265898
70,57,30,5,133.9517352909485
10,61,17,5,19.821086618018743
211,18,88,20,428.1036839702841
189,21,71,19,397.7226824507202
20,64,18,22,45.975017510231744
31,64,29,5,51.73782323207726
21,68,16,4,28.21165473948045
65,77,15,23,129.70382387237584
60,71,26,1,118.50829403981163
54,61,22,22,109.49405730334695
27,53,18,23,55.56651651525362
114,47,40,16,150.3107622693457
21,72,37,21,34.64910814876894
36,69,18,22,73.28288527046995
13,75,17,23,23.78754895842206
32,79,22,4,44.36021644159231
61,64,23,4,138.99340115297238
55,78,28,4,77.33603819680378
148,57,47,11,275.7336829958103
66,38,61,13,124.46071020159661
235,16,64,20,303.1784961996262
126,36,57,13,294.4478052697564
38,74,24,6,80.05523785208626
267,22,79,10,535.0733709512456
77,70,23,5,169.6889841886649
137,44,44,12,228.2536401766496
227,33,88,18,523.8668052147048
221,18,85,18,273.93154345489455
31,61,28,2,70.79425806139741
59,73,32,3,137.4780622336533
269,27,97,9,379.48710501907715
74,44,38,11,95.74755822392484
214,17,74,19,429.2366825799691
74,65,38,4,173.61506474001936
129,22,70,7,306.9167321993956
137,15,91,20,337.56789002369806
148,59,38,13,287.8617126681055
65,44,60,11,131.82145530837468
207,16,97,9,277.4013001080293
119,49,39,11,171.8209261131883
142,31,71,17,307.453459884534
28,63,32,0,33.67881292513971
14,70,25,1,27.308419712025557
22,76,18,21,49.89195938487211
271,34,71,7,460.11341005263944
235,21,95,19,555.8274389194684
237,28,94,10,419.8415819660519
62,53,38,12,102.35535672087227
11,53,37,21,24.7252889119606
66,79,21,4,153.08491532619726
76,48,45,14,185.54704382999924
52,58,22,5,89.37413626352553
74,53,38,11,133.9281860591534
35,79,39,3,71.45298566100072
225,19,72,10,385.2155350534589
186,37,70,10,285.4701747422501
22,51,10,1,41.841811573940106
159,26,79,9,388.7898527021937
208,36,89,7,512.2001147666751
42,71,26,21,86.19090342522044
64,48,55,16,142.7628706340046
60,74,39,2,135.98318862882587
73,65,10,4,173.13067751383986
63,75,23,1,101.97683609859243
127,20,73,17,272.0651028130888
16,57,24,6,36.64920179998561
224,25,73,7,285.44656287738957
288,38,80,18,465.5777430765346
47,66,13,0,81.2314013752442
39,62,23,1,60.61084331052178
18,59,37,3,28.20500132154339
214,29,69,9,495.2018928143391
231,35,83,8,398.99205778467393
93,53,63,16,119.68520384466322
125,59,65,14,250.94803662171333
99,57,65,11,157.52971681617603
11,78,18,4,21.604415652833694
23,66,23,5,33.99292096935457
184,36,80,20,311.88838820307876
237,36,72,18,354.680602210653
103,46,66,14,246.5691935223744
141,22,95,10,272.8588267568214
52,65,34,21,76.44913006224982
32,56,24,3,50.95635371415172
131,31,34,14,186.89842417960878
77,57,13,6,111.92089291322111
145,32,66,19,336.8902670712302
286,25,82,17,373.0854877578875
258,38,78,10,389.10293533398533
26,67,31,1,36.365315471214096
21,75,30,0,40.6336901259143
42,52,10,6,66.11140831521136
263,34,69,19,446.98040102695205
42,59,29,2,92.92202562394161
93,49,31,14,186.32511625312324
34,75,24,3,47.39784048755567
79,51,32,3,186.6105712786477
74,39,37,11,144.8003262967435
65,66,36,21,94.1575626953725
75,72,13,3,139.64012335364544
25,66,32,22,45.723822452499554
76,63,12,23,120.47590365290915
74,33,63,14,93.80247184656352
36,60,16,23,79.80573476694128
33,57,30,0,68.59912360623147
31,51,30,2,68.63568610272017
79,47,43,16,132.64425343714402
147,18,86,18,247.4382133439794
11,54,36,3,16.61276734586025
104,53,62,14,249.26871443739964
196,20,94,10,310.72213393543757
92,47,69,16,229.6395826574981
189,23,92,20,438.66259647497577
36,57,20,3,53.575942831487296
144,52,51,11,215.53935906730788
211,18,66,10,388.1413114009392
50,76,27,2,101.28035698995612
178,24,60,8,374.7274450694088
142,29,85,8,235.11908472907268
91,36,47,12,158.89108777391814
229,37,78,18,377.8644585147446
133,43,47,13,287.52323010085917
48,54,18,23,94.8615006812817
66,37,64,13,134.63785373582874
174,34,83,10,411.68666841153083
16,63,21,22,22.466835127093344
272,36,82,9,466.6187770558497
57,50,11,0,124.13205727432431
49,66,33,2,106.68200234296648
30,79,28,0,71.14101839092609
109,31,41,16,179.20571651029812
288,22,86,7,448.9344139666588
233,35,66,18,366.43351642961477
223,32,85,18,485.41121092741014
20,63,33,6,39.54856454900522
124,30,69,17,158.14731693130162
72,73,33,5,110.7531477355234
80,43,36,12,193.94784592641435
108,42,41,16,138.64540294380333
261,31,85,17,455.6583456349879
164,16,86,10,332.52188935329866
149,29,95,18,355.63261866622094
179,25,75,7,396.88881674843736
60,68,14,2,125.09568137791973
60,60,13,0,84.78639943994145
73,52,47,13,168.11176484292864
82,51,68,13,114.6177648971154
31,70,27,21,45.61200272230763
84,56,66,15,175.425400885023
62,74,38,1,119.8628145605009
37,68,22,22,47.48506597316322
79,43,58,16,108.65887747917799
239,33,96,18,584.9893013380885
51,64,24,6,102.28772474474133
75,63,24,21,176.08318880205454
67,50,36,13,100.75903314891652
106,54,34,13,240.5317909983908
77,47,60,16,115.67122035119434
100,39,39,13,198.86956805957973
15,75,22,3,35.20812606220675
71,38,54,16,125.63004324566272
275,26,75,7,625.9620451524997
298,36,75,17,585.8838072463234
149,32,79,10,266.19533067827217
169,37,77,17,295.6085180815709
251,39,85,19,555.0718518784046
69,75,31,0,92.11442620549698
134,29,94,8,270.7802001801871
10,59,24,0,24.778274632722255
40,75,33,4,72.72077918051922
65,55,60,12,100.4026450640171
150,27,71,7,244.18211779820814
17,52,39,23,41.11221380104384
34,79,31,1,42.74628780387838
140,45,64,16,232.53970697230872
71,71,12,6,96.9490649013461
19,64,19,0,40.537967359659795
47,52,23,21,82.65658994566107
165,23,81,10,217.65014935636952
78,53,59,12,148.64281318208427
58,57,25,1,96.70302087177484
29,78,31,21,42.14592532363342
127,35,33,14,315.42735075745117
148,54,54,14,356.14866159711676
95,37,30,12,135.84648628518903
48,77,20,23,70.23560190489977
18,66,15,0,24.14085051553021
119,53,53,16,217.43585385046228
280,19,64,8,504.3013978745885
191,20,82,19,340.60385058388965
108,48,52,16,239.14766683510663
140,30,76,20,230.37506251116812
47,77,38,6,58.258144793668116
136,35,51,11,334.6800652416891
77,76,36,23,184.10001379102584
250,39,97,10,336.7420002512284
15,62,23,6,18.156841702464916
60,59,12,21,80.33743534448865
179,33,66,18,288.121284510259
145,35,93,20,195.12294416835513
75,67,27,6,101.40679657027759
156,36,79,17,345.6395314525116
20,54,10,4,27.005872302270344
36,63,23,6,65.20598031991827
68,52,35,12,120.6845210390731
90,44,41,14,202.95276148817567
72,66,36,6,102.4312524418078
83,34,59,12,135.3678209514014
75,50,42,12,184.58770592462372
41,77,21,1,71.51189432074928
87,37,35,16,163.37582492842373
79,69,35,0,145.55285311129091
216,26,99,8,525.8556141458114
58,51,30,23,74.39903417392077
79,36,52,15,147.64075599512498
78,31,55,14,105.68230356683175
81,42,41,16,190.3430316082803
33,66,16,4,63.83102260623597
24,71,10,22,30.788702590315566
68,63,32,22,97.05303964889433
17,69,35,22,39.888013006340096
66,74,10,1,94.99836058880696
135,49,49,12,255.89230878869847
38,77,13,23,80.13795342346573
68,64,37,1,114.97152365104581
25,70,10,0,48.00355944546971
67,79,18,4,148.16194990004593
136,36,60,9,223.4374584942758
143,46,67,13,183.78875026074573
192,18,63,8,273.3228145174605
250,22,90,10,421.70320393102304
131,44,36,15,208.6111032631996
141,28,93,18,283.81050010323065
77,49,33,15,159.74320669139456
147,29,98,19,345.2486956543855
241,36,97,18,475.5153243137595
215,34,97,8,424.26619919446347
24,66,20,2,39.13098514710175
293,18,77,18,384.99631754123124
258,35,93,7,603.0519812923703
205,15,80,7,484.1582041768146
110,54,66,12,222.09940061508885
76,58,15,6,172.08806083686488
61,75,19,23,85.46047780268103
43,60,30,2,74.46720420341994
183,28,75,20,387.57691045124835
239,16,66,18,597.073951980041
23,64,30,1,53.676202578307404
71,53,26,5,89.99314630227197
102,50,57,15,197.358218643529
79,52,23,21,145.54693978507365
76,54,61,11,185.5412279405134
225,37,77,10,366.93729316730474
41,72,37,0,85.0990478590807
11,54,26,22,22.462913810962945
145,57,57,13,333.3474606713468
92,50,41,13,197.1072516153691
269,32,73,17,667.0063324540237
21,59,20,6,29.63752989201417
70,59,19,23,131.59899646722545
33,62,36,22,62.983135964251
196,32,91,8,384.25757265984214
75,76,20,0,115.20267913851761
92,43,55,14,111.49316352570875
79,63,13,23,135.00642880440992
110,55,52,15,211.65151759091097
71,53,24,4,123.79235098076693
20,76,27,21,30.356606067426164
63,50,19,22,102.40442855364432
293,31,98,19,458.7446115548259
78,68,35,5,171.395883662343
24,53,27,5,58.542535500865164
63,56,32,14,106.88382976577958
180,35,90,10,329.2908280555686
48,62,26,5,111.60265193759665
172,29,65,17,417.65419057491755
176,18,87,7,425.2905564368596
12,70,10,0,23.26405215019591
266,16,92,9,454.7628852410483
21,79,14,4,37.45248824780907
291,28,63,7,646.285687666361
286,32,94,10,468.0995369398601
120,43,55,15,170.96865425064158
36,64,28,2,61.65431801793788
41,72,28,23,58.46919527815781
252,36,91,10,583.5330706536454
133,32,46,14,203.04381135408553
74,76,39,6,130.0731356483999
29,69,10,5,66.75657024898565
290,37,65,10,352.4724207687828
146,37,59,15,345.06661696601543
216,20,87,17,377.09068617608
227,15,70,9,284.97856990336066
55,63,22,23,117.22611225636008
261,16,60,19,550.0267589884655
209,27,64,20,333.2585034206486
274,36,72,18,347.0032304654454
30,53,34,3,36.62210523474195
75,54,43,11,112.61172479521154
46,55,16,0,101.63945696021516
269,23,77,18,511.9884052325127
68,56,20,3,104.92360945847045
121,16,96,18,251.1666726923249
59,56,10,0,140.10352690804928
15,61,20,4,24.561174755062
183,39,89,19,359.9897933740988
128,49,67,14,306.0577931638452
51,75,15,3,126.04611302722901
52,59,11,21,76.42256668681358
178,37,73,17,441.25381841115956
32,62,39,23,48.29128338080761
78,52,21,2,159.00438527596427
39,75,27,3,76.00264659569854
205,16,81,9,437.72151082191425
220,38,64,19,482.50019304245467
240,22,68,20,436.22351537288284
88,32,42,15,166.03731675486628
168,16,63,8,346.3132220138602
112,41,55,12,145.3645104356865
285,18,67,8,537.529001572268
240,39,72,19,583.876047644588
194,17,96,20,381.14598226955366
221,21,98,7,500.0895881106688
140,36,92,7,198.95169640730353
57,54,14,4,113.23926078965346
234,20,68,19,580.4626823892589
230,39,88,8,311.5040281809108
56,76,14,0,89.19025723804796
74,63,29,2,111.65282484786053
33,70,30,21,66.8222757010373
92,50,30,15,183.50659382535815
98,48,61,12,187.37420193084043
208,31,68,20,256.71137932651703
126,52,58,15,268.73964186983943
15,69,11,4,18.11371862062124
34,76,37,4,58.44189462533867
288,27,77,17,457.76239885710993
26,59,18,5,36.25632132616305
191,38,76,8,452.71737726411857
135,43,62,14,329.7095815147293
283,15,62,10,421.7859509015456
69,32,59,11,117.06973254841195
42,64,22,21,98.35924057339292
129,47,32,16,166.9296962972551
180,30,72,18,369.8753989484745
136,32,55,13,314.4729104204304
43,76,15,2,66.22027779251319
276,21,85,19,417.7831970221509
43,54,23,3,73.74209194559324
56,53,32,22,105.09116233396686
27,70,26,3,38.750671284987185
136,17,65,8,224.44369487570202
268,27,71,18,413.3369866737499
128,29,67,10,161.34717709127065
175,28,96,20,340.49107174432044
182,27,73,19,353.1586310476051
67,31,31,14,133.24605809245702
190,29,95,9,244.7925333030134
297,29,99,7,707.2627793387613
70,30,47,14,115.34910186301227
40,58,37,5,53.61189434382885
57,67,25,23,93.8700552128475
289,31,72,17,633.288902403649
17,77,14,5,22.603802407454605
60,36,30,14,109.46250540778681
147,58,55,14,302.658147172898
229,29,73,17,441.12114728835644
38,67,27,21,83.5426909023829
19,63,15,5,34.71628099855597
124,23,83,7,276.22332598393893
62,53,31,1,98.20934764579613
74,50,62,15,151.07538922118496
28,68,23,1,67.33595414397254
59,62,36,6,123.1445819583962
75,63,24,0,185.25199504681166
182,36,92,10,418.9136616111331
288,26,78,19,509.42443626645155
64,74,10,21,89.21919568488111
44,53,18,0,109.08064582509692
160,29,71,7,316.9256863182249
51,69,29,5,83.99545394264275
51,64,19,1,75.29009134658459
56,70,21,6,101.26981206144647
76,58,67,16,185.34412298471472
120,37,73,10,185.90148779278744
27,56,37,3,60.21132819519518
80,32,34,13,107.64174722615755
59,69,19,2,88.69234374575925
38,69,39,4,63.41059802022043
204,28,99,8,284.40215558283944
22,79,12,21,54.46040187523164
13,68,15,3,30.78331282796766
78,56,32,6,190.22655321213267
71,36,66,14,85.31033485568969
109,40,54,11,155.93134635815497
53,71,13,21,87.22372086982037
42,64,28,1,59.153304009224854
234,32,98,9,550.155265673493
42,58,18,5,71.09354176293746
16,65,11,2,23.210387536761925
60,56,18,5,146.14376073040552
216,24,90,20,328.0138717437777
35,55,11,1,57.368416780038544
205,38,63,8,362.028325898231
111,35,50,12,159.13233391642265
24,75,18,21,56.336555287913015
103,54,43,11,219.7411649993154
272,38,69,18,657.4906831543783
56,57,16,4,89.52399377183325
81,32,48,16,139.34495022805174
182,21,87,7,270.3951332702707
261,23,95,17,523.321679901048
198,18,67,10,429.8584626323905
136,32,54,14,305.70089171664245
28,71,18,4,42.60160712530811
62,45,41,13,107.49073989215032
64,57,29,21,104.72063629709763
139,43,68,11,332.1526895920141
115,48,68,16,248.97994912719787
184,36,80,19,296.94544485094315
186,28,83,18,261.9107146608807
62,66,35,2,133.28730432596234
211,34,70,9,418.15827981932074
108,31,47,14,199.20330581642696
140,24,84,20,207.5119997515523
191,31,87,10,271.3588843530038
256,24,73,9,599.9680880772362
63,57,14,0,143.47943124984153
88,41,45,16,147.16708355401954
51,76,11,0,101.19197366191067
250,30,62,19,431.71511611397693
186,21,86,9,330.16670937003465
241,34,69,10,436.2321136361108
90,33,65,16,129.79557921827887
104,47,60,15,255.23919484999715
29,56,22,23,63.34430929098112
271,18,72,17,667.0332764802845
285,16,66,7,365.8337907021357
131,52,56,12,172.61328076679135
106,33,31,11,167.9605562772884
170,35,82,19,310.171766744625
30,61,31,21,49.513716855143805
62,62,26,23,77.21205027725296
45,78,21,4,66.83461574658753
21,64,14,2,52.43699089541757
26,72,22,6,60.56297353131212
78,37,36,14,152.87208731559693
289,21,82,19,573.6188968868638
77,59,61,12,150.06768066347618
67,50,23,0,124.08644642544299
52,68,26,21,93.25764375274589
165,17,91,9,313.8495580019277
170,35,71,8,354.38314975834606
65,31,55,13,100.75326076648628
69,50,23,1,84.74338497982927
19,66,33,3,36.473960511266675
15,68,17,2,22.10356900086322
225,23,83,18,480.6425765698552
186,21,94,20,417.80698655792025
132,34,77,17,251.4488516308764
214,33,93,10,455.5740272988627
128,56,47,13,258.0267114526636
226,34,92,9,287.4130373532148
222,15,61,18,358.0633214997574
117,37,35,16,278.5169020809044
32,75,25,2,73.62616401584711
10,68,15,4,19.43898707633076
175,23,62,7,327.63391351598636
184,31,81,9,445.82100453604085
175,17,89,7,306.8936420047717
112,50,35,14,168.56791889012595
165,24,97,8,389.22757636229085
25,64,28,1,35.64208466847913
34,77,31,5,60.74247690350482
182,35,99,10,442.93535530980614
94,49,39,15,163.2972950489889
133,33,98,17,178.7733986906669
126,41,38,13,261.09526222961705
296,37,93,20,410.4715029605564
129,37,48,14,280.6685843133051
47,58,19,23,98.37709599338372
34,64,18,3,51.35840177065074
66,66,19,21,159.94826624985785
79,54,21,4,185.38988615662637
148,16,69,9,216.11176418381342
50,57,20,1,62.452052123584004
36,77,33,3,72.50974461044379
287,24,70,18,495.97726604766996
16,73,35,0,32.80244677822226
24,76,25,5,29.55355081637081
35,74,35,1,60.24285447619492
38,55,16,21,84.57653461374522
212,33,66,10,288.0904535324885
135,51,33,14,192.29602212639733
51,68,38,0,66.32788612918633
277,24,76,18,430.5461300677933
63,42,55,13,87.49247361144698
42,62,18,1,103.36872578394929
69,67,22,4,153.6806898387739
24,67,29,22,29.871106880628652
279,39,83,18,481.06846326863524
127,36,80,18,240.53362660722797
73,77,14,5,121.24724782152259
60,35,67,13,92.05393114945414
219,19,61,17,395.90818832353966
292,37,64,7,525.5917731271086
127,40,64,14,207.0325609210316
28,73,30,21,49.25398501508064
89,52,40,11,197.76822378469302
170,19,77,18,365.5676099464745
115,59,39,11,220.69576750007172
242,38,64,7,290.7786096378854
105,49,31,14,220.4700256986447
71,77,24,1,117.08716991872498
41,68,26,22,69.43096754045044
264,32,77,20,535.8047644978008
44,69,32,2,91.54003473966512
66,52,27,1,93.40831838133964
150,23,60,8,203.99505706855342
12,72,15,4,20.135575429096225
246,25,63,9,381.51983402190297
44,67,37,2,71.13722426492619
127,33,67,16,271.83259611118206
116,31,51,15,170.7295750453438
222,31,93,9,357.6697694073098
122,59,35,13,146.49562641638957
138,34,68,15,177.42147141515477
56,59,28,2,81.90215097745735
168,27,66,10,313.7228132903702
299,15,77,9,518.7326895718776
45,51,20,1,68.08437724824367
138,57,63,15,315.5325773205573
10,53,35,21,15.74913567559053
38,66,26,6,48.678346063732484
34,66,17,2,41.81271637366026
15,58,24,6,33.195368021943615
104,30,66,15,162.80106332974444
276,25,63,10,536.77991527921
44,72,28,6,75.6870254927126
195,35,64,9,246.67724559835284
63,60,15,4,88.02382938297892
135,39,98,7,162.10951198291687
160,34,72,20,227.37856538842092
156,24,90,17,356.46536199204246
228,17,72,8,474.8957852686828
69,32,53,11,170.00347655406674
142,25,90,19,173.23529879448404
14,56,23,6,24.42260012542717
292,28,64,7,425.81115064709314
14,68,33,0,25.86170717005654
138,52,52,15,167.66056587807648
121,39,37,15,295.04166857996603
74,66,11,5,179.2885506060608
42,59,26,1,53.30967122333714
151,34,98,10,248.96911899551958
17,79,36,0,38.42006082823843
35,59,17,1,70.16396678650167
150,16,67,10,244.6706155193803
105,30,39,16,153.0314229421416
21,73,14,1,33.22059803328652
33,77,15,23,73.5680073986372
232,26,77,9,326.2709617769191
168,32,94,18,346.7416595553748
287,17,96,17,707.2097121128184
77,30,45,13,166.65280254344148
28,51,18,22,59.15487692596442
67,54,48,14,125.724416641729
139,49,65,14,255.25013926266487
78,65,20,21,192.03974336921752
105,57,56,14,239.90156829646824
181,17,86,7,418.287428959375
200,38,66,18,338.73345400588636
18,71,33,0,22.208345560513315
95,33,43,14,230.83284629677513
124,59,34,16,297.13799344339134
69,72,38,23,148.40914638847917
260,37,82,10,480.8192356670294
244,33,88,7,466.6200519337795
76,62,37,5,155.42415802504672
55,53,39,23,117.59410442600982
121,44,56,14,211.98622436798834
135,39,31,16,212.63917907455712
121,34,35,15,272.223249390768
292,38,93,17,685.9965298538007
155,33,73,7,323.77814436242426
39,68,16,22,81.4090514143827
121,56,46,16,245.095435301835
264,18,83,17,513.652496540239
134,37,59,16,179.7928095893369
85,46,33,12,109.55991420532224
133,54,48,16,274.8041423354172
81,56,50,14,148.8708130507755
19,50,27,3,39.50762083281382
33,73,10,4,54.34681244688661
109,39,69,15,244.53690011327032
65,52,36,5,114.48582201844793
18,74,18,23,22.028719462433507
282,36,86,9,463.39641845267175
56,72,26,3,71.67722862528848
66,62,16,4,112.27908784920659
184,28,60,17,430.965171913433
12,65,29,0,28.27463557312751
16,75,15,2,21.561980166216603
270,21,83,8,451.6699767505846
135,35,31,14,238.02946130292636
27,67,17,1,40.76375196439287
147,16,78,18,337.62656909983434
70,70,11,4,158.08678424330827
40,59,38,2,97.22636313104968
33,77,38,21,72.62322710872374
133,35,36,11,228.97900457820182
235,34,94,8,333.7140346809761
45,68,19,6,56.98810188326868
45,71,35,1,83.91394278866714
124,24,70,20,227.21906599545258
146,27,60,8,302.1674501327006
113,46,61,14,150.5742830783036
48,64,25,4,89.70460954703465
139,59,66,16,199.81196127968653
35,65,23,23,47.695318648059605
213,36,60,7,519.6702930677792
44,77,16,2,72.07527316692072
122,37,62,12,268.98839332613574
127,30,63,10,310.5788509661698
98,36,46,16,178.46435844256175
41,74,12,21,102.36465957703821
15,72,30,1,21.48057692770369
155,22,81,17,188.42770150740816
243,19,69,9,396.38489790663056
42,63,29,3,85.1901535277239
80,34,62,11,127.98571836094456
108,55,41,15,196.16775469194334
69,44,31,15,153.5569334184562
63,59,30,0,81.41890612443234
12,60,23,22,27.38218258040905
175,17,69,20,428.27635426784883
74,66,21,0,143.62678795266424
147,32,63,9,306.70625523472745
167,39,65,9,385.1966445775237
259,23,64,18,405.01638878788333
87,31,34,11,118.14967650164242
210,17,81,18,289.1376286579174
66,79,17,22,156.58871229475298
13,60,12,22,30.300314411584505
70,74,25,6,91.09846374325987
198,23,95,10,371.6232899738964
133,33,85,9,298.01465526368526
242,25,79,8,462.35385261606393
292,17,99,9,714.9669393037316
30,64,29,22,71.06510392020976
137,54,56,13,267.4656166726868
62,65,16,5,98.20750694628794
189,29,70,8,256.4942935710476
79,55,36,6,166.33893678418522
231,26,63,8,510.8687785671966
74,71,29,23,127.53230154562219
47,51,26,3,84.35113415261132
143,48,63,15,322.44452607067234
39,63,38,1,54.99739955290263
35,57,22,5,75.91046582593268
44,70,21,21,67.70065441606893
177,18,66,18,295.83836604630966
38,64,29,0,94.80418869498918
191,20,82,19,346.4360005632849
83,43,57,11,109.47721910423923
122,34,62,8,253.43862650473827
291,18,76,17,469.32985820507645
63,56,52,13,82.45384460936971
215,26,68,17,437.0899913133036
64,37,48,12,107.91827223221327
144,28,63,18,187.51579416640647
127,31,41,13,186.15940367200957
183,39,99,20,331.07261250558645
118,45,30,14,269.75065807459936
102,40,51,15,153.28960869584935
68,64,30,22,104.3838092355667
282,36,83,9,671.2342268841443
185,16,95,7,360.87177366870463
94,55,36,15,154.32282286290146
133,41,53,13,262.1088061172919
90,52,58,13,109.30226707798714
18,54,13,21,24.982436824692478
273,35,73,8,676.033802908486
129,46,31,15,208.22940864812352
90,41,58,11,202.75339848492976
61,70,33,21,148.1887257582757
96,30,53,13,186.40689267836748
170,33,90,7,358.4167776721451
121,20,74,20,151.83622537241072
44,69,15,4,104.56490361851239
219,23,66,17,291.24554897350674
96,40,33,13,166.3718398574464
95,35,61,12,194.06480948437374
166,18,78,10,241.68670675100026
137,27,68,10,340.09951731312174
49,56,35,6,74.55320615452273
156,23,82,9,283.7627527918858
114,38,44,14,277.23215644226406
103,42,46,13,217.2944775239821
16,71,25,6,30.17149308007933
73,74,12,1,112.43055324681644
167,17,66,7,207.8601784839361
67,53,31,5,105.01412667854517
220,37,63,9,382.50280667069427
96,50,59,13,207.19814828942478
53,54,38,3,79.93028005561268
142,46,48,13,173.5001222954943
159,37,76,20,384.16666071258607
76,34,45,16,127.20849479045933
74,78,11,3,100.4303062501761
85,43,68,12,104.86314968406325
39,54,39,21,82.40518790844823
21,56,18,1,32.688575503003754
49,57,36,3,80.3433245100194
16,70,18,4,30.79422302747107
222,26,84,17,341.12146294913214
138,26,72,8,189.63917769215996
210,28,95,10,494.3936985662999
14,50,11,0,21.748693380825202
26,54,39,23,46.76490787400847
39,63,30,23,59.3055065567983
75,58,19,1,124.20170474237197
70,55,31,16,144.82867312500204
186,23,94,7,328.92702588306616
47,61,10,22,85.10351230622378
31,50,37,21,65.87595247012453
72,61,20,1,143.86960694068551
202,28,72,19,340.5661915412161
82,45,56,16,202.03699612755418
24,56,28,5,35.06950664177084
54,75,13,1,129.02282339643574
221,35,68,18,399.5069678466664
129,34,43,15,318.266596368395
76,74,23,22,168.4958127479085
44,76,30,0,65.18853069929631
26,68,23,5,46.76766612159206
297,37,80,20,734.1099859559656
259,17,84,8,347.8861677097819
130,45,38,11,282.6684762899414
92,55,65,13,115.59763288864535
212,35,88,8,340.6083450874603
74,79,35,4,150.0171110501105
234,31,70,18,290.63862040578266
32,57,21,4,75.57959418437208
143,57,35,11,230.24913943545505
72,79,11,2,101.3096454905471
50,78,33,1,98.4810897694294
235,21,76,10,352.67827404632425
60,39,69,12,105.46724309540392
142,36,67,16,208.41336388162546
238,24,98,20,358.4863517455448
148,44,38,13,257.03302156583646
296,39,89,17,418.4217570391263
77,47,32,13,190.59388680065848
172,16,71,19,347.3493052440602
139,35,55,12,260.51073888989396
65,57,12,6,115.5748359702313
64,73,32,5,140.10846243069534
20,75,12,6,37.210850600664486
102,38,69,15,194.42498754713313
178,22,62,18,363.24888969565393
90,40,49,12,132.248978696194
245,18,76,20,337.0989075451557
93,38,43,13,125.14096304936434
178,33,97,8,307.19907855579186
127,42,45,11,249.89383164124385
54,59,12,21,134.592693508521
184,31,95,18,301.7550500809436
71,40,41,12,90.07142642419831
67,69,24,3,164.28811822479486
73,78,31,0,182.35321994355843
57,69,23,22,83.02551844516785
114,47,50,11,219.8184800598606
54,62,18,22,111.11491194433084
270,23,92,10,578.2660985271496
160,23,76,7,207.1570542228733
47,65,27,23,72.10268636987107
207,29,88,19,313.8688625796335
193,39,75,19,326.62514037113095
134,38,95,20,196.63492336451418
40,74,25,22,72.39765072034486
241,29,80,7,534.861038610206
20,60,12,5,44.493701409565475
29,72,10,1,66.94557094026057
119,39,33,16,173.04504090477798
187,33,98,20,229.10746173197734
10,74,36,2,18.195804933455968
61,79,32,2,75.15190596593193
69,43,64,16,92.3900412243416
49,66,16,21,73.54504290181156
36,69,34,0,75.35092849626258
193,17,99,8,459.3591967584042
28,78,32,6,65.23277123104275
34,66,22,22,53.97599059263647
77,58,58,15,175.60670735212943
49,63,21,2,79.02775132590624
105,51,49,15,170.02363131628195
27,76,21,1,48.334094591841804
71,33,43,12,147.00824619352497
31,67,10,2,57.663017397202594
36,74,37,6,73.17034237066186
37,79,27,6,81.3187168445203
193,33,90,8,280.4679718477506
105,48,69,14,149.6078613260109
233,25,98,17,447.0019989524305
68,38,41,11,160.20258468071304
272,16,96,10,641.8375483289827
106,40,48,15,179.68947694893683
59,67,15,21,120.30519111116298
123,29,71,7,201.053483426615
72,58,12,0,148.12498175716743
141,17,85,10,339.47061886786787
222,31,96,18,500.05999161898467
60,56,55,15,136.0416066719424
239,18,86,17,359.51728297521583
27,70,10,21,50.224279717822604
24,57,37,3,44.93469659890124
123,54,56,15,272.3179275189125
264,38,70,10,655.0185646113184
14,51,11,21,33.39369620660082
56,67,27,3,122.48451078827694
66,77,13,23,153.76711488155448
135,35,73,18,299.26175535583394
136,28,88,19,254.86721305348246
191,31,86,8,419.60391226241563
87,43,60,11,171.9368489510915
25,65,21,23,57.04616932015424
159,19,87,18,353.0768840927049
165,22,92,20,369.42698463311876
136,47,38,13,188.9153127307061
149,33,51,14,235.29717408383274
145,42,33,14,192.676137499488
71,37,51,14,169.47497756391707
290,20,93,19,441.0315535416766
170,34,68,8,322.7565265846143
292,34,64,7,555.7480853079961
61,60,35,21,100.17537505804476
139,51,30,13,244.15011822346895
94,37,65,16,195.81479434437665
31,67,18,21,43.46209860518018
108,46,38,15,166.92724190645683
13,78,22,0,21.196644184839645
262,31,73,8,570.4571779721512
54,76,13,22,103.08946592067223
268,27,64,10,569.0746344682578
119,52,35,13,277.1713583270296
25,51,37,0,44.20110693117228
30,50,32,22,74.09972688615491
40,68,37,0,81.94669716325697
71,51,42,11,122.46484863875946
153,20,66,9,359.6705766304017
122,35,69,19,284.486958384756
116,43,53,14,158.0175765823395
125,56,64,16,224.25952088727192
39,78,23,4,81.47185347852603
123,44,30,13,201.98743426372732
36,66,20,3,63.336407498254516
211,21,69,20,515.6942012600705
123,54,50,13,249.11882342610994
195,20,62,8,234.0110954859267
139,21,78,19,252.96135253253206
147,56,39,16,235.50258724039313
268,19,84,18,523.8242848113529
54,68,36,4,125.12548923862528
94,45,56,14,136.65258518855103
23,76,12,3,40.354480322327376
113,33,45,12,228.45652492072088
164,17,63,20,353.8583979541281
291,24,96,10,407.3386274006291
62,51,50,15,97.43481176525194
53,72,30,6,70.07427217352546
25,57,33,4,59.32532187961513
180,22,88,8,286.1508194857165
15,57,12,21,34.75127856528242
57,52,14,4,72.39686155749365
278,30,79,10,514.6350123208173
196,28,64,20,267.99794669562436
119,57,30,16,220.7939928901027
34,62,31,1,64.27774702379436
83,47,68,13,149.78019220677967
18,58,37,21,34.26406373959545
22,50,18,1,40.019733602105575
242,16,96,18,441.75790893798194
33,52,34,0,66.63093259481012
144,16,73,10,340.27565784643616
114,45,40,16,241.36426050786426
65,32,51,15,109.08882756634391
54,59,23,4,104.75351215113544
187,21,61,7,332.00739249189235
138,43,48,16,207.40829767484607
131,37,82,18,310.21067822127856
65,69,39,0,83.82576815314023
73,74,11,2,120.43161871450644
149,22,70,7,195.8585352925152
285,16,94,8,523.0632865697792
118,38,46,12,166.15753780871427
241,37,82,20,582.5798651045693
125,20,80,17,227.06216245380259
73,57,15,5,140.1940745027703
69,53,31,16,110.45107532888385
74,50,37,1,100.06180926886277
132,20,60,8,186.6008067439315
31,77,13,23,62.00226388672312
17,76,30,2,37.79309291339543
96,59,58,11,237.82890729498345
13,68,29,1,23.237215155912462
66,57,62,11,112.62379518795255
93,53,32,15,223.0227717309841
77,43,36,16,113.11776271172113
73,33,52,12,176.2134884557433
190,19,68,8,456.61052532449366
128,49,59,16,187.80374405526106
116,55,62,11,161.89767894691866
74,50,20,5,140.76512222409042
45,55,32,21,76.70539463504508
77,52,17,6,179.96408484758777
145,56,30,11,224.90528979361156
168,34,66,17,234.92903578692312
52,74,21,3,100.115259372526
132,26,69,17,293.76642717418827
14,70,39,0,22.85734791852243
57,65,29,23,90.4673436316468
77,74,12,23,133.67851102918132
10,68,26,23,13.547808230001742
39,50,11,23,83.75377872503385
125,31,70,8,201.4883885577331
51,78,20,23,118.84330861243905
287,28,84,7,600.5001765720999
294,37,79,19,691.6993685661855
166,39,65,9,346.67555129418304
52,66,11,5,118.7158003259897
57,62,10,0,111.57553697033443
297,16,76,17,472.1483844125174
176,24,65,20,255.6496702095175
273,28,78,7,451.06575213645914
115,54,69,13,261.16039486062544
278,39,87,20,546.3455395294757
55,76,20,2,130.82704529002336
45,56,22,1,102.34623241779835
219,18,68,18,337.529524988451
66,31,61,11,93.02881160509044
72,67,28,21,106.92927234655755
138,53,44,12,328.7952245915315
50,65,35,22,90.42257508300497
43,68,31,0,70.92839219263983
20,73,34,2,26.10086260463214
66,71,38,1,154.21126099854442
21,78,14,1,26.598088655531495
291,18,82,17,450.02246729294126
67,52,39,0,140.94459306696248
28,59,19,3,60.45715590224566
64,79,14,21,104.27412299076204
179,19,64,19,404.83547374811354
39,74,19,0,82.50128962916725
226,34,85,17,439.82804866890314
236,21,87,19,464.1744125291418
24,79,32,21,50.98825430340682
214,19,88,17,357.773062843622
107,48,66,14,205.28791110805292
10,67,11,1,12.242185173727098
135,32,37,16,238.2795604255604
188,27,70,17,377.25219118018373
20,58,10,2,30.132645968166834
182,31,83,18,251.61179578715678
253,35,88,19,482.7804680502632
41,79,19,22,101.51430744571606
132,21,82,19,308.30409770830965
134,43,61,12,263.77350004970094
67,53,18,21,103.00990593624438
65,41,55,14,143.14763438076596
169,18,64,20,384.18088439015344
16,59,15,22,19.448180692091622
139,49,56,16,202.70817331864595
60,58,18,3,82.4543009826508
18,74,26,2,34.36141487123315
72,63,27,6,101.51238427055054
78,59,31,23,191.15817352685596
45,64,30,23,68.69130020268425
158,34,92,7,236.5500360606008
73,68,14,2,169.66752472112427
281,24,77,10,665.601984486744
41,58,28,23,88.43739423879782
76,61,31,1,175.20944367518592
29,73,26,6,70.3774559405425
298,21,75,20,464.34466219297644
168,33,97,18,406.59812935357786
141,38,56,16,222.05792387434354
231,39,71,17,388.0882457391234
298,30,62,19,684.3844972655679
240,30,75,10,295.0983098425666
68,56,39,3,83.9852830783056
179,17,63,7,366.521946140182
124,59,39,12,213.24076168961446
13,76,22,6,19.41964157934178
79,76,36,21,129.01427628757898
53,57,36,2,87.54328333798293
71,55,53,11,167.77727130763947
53,60,22,22,83.73723199877828
69,69,25,0,135.22059808885555
48,57,10,23,100.74868877722287
27,59,14,2,64.41706482408006
219,27,70,9,387.79529674982825
248,15,86,10,543.3456630094984
20,53,23,2,48.90039588452602
176,27,77,18,225.20227094408307
89,31,55,16,159.0083079081797
108,41,33,11,244.4475022504562
192,28,71,17,341.5238521617773
57,51,14,3,89.71364164879233
43,67,13,21,84.8092912191626
235,32,78,18,461.07955245753277
162,30,61,20,215.67474248905523
68,72,15,5,144.11427289123708
284,25,91,10,508.1910482121709
27,67,21,21,46.177732458716946
40,57,24,6,95.45710892774268
72,77,31,4,113.63294699301181
55,67,21,23,108.71083946253495
146,58,66,16,316.2039446118798
146,58,36,11,181.10928659550814
67,51,35,0,131.83327317992766
230,21,77,18,312.9036655852719
125,41,56,13,238.536576946895
156,32,80,18,203.86100544764383
183,29,74,8,365.7603451751447
174,36,79,20,290.5262234477055
145,26,69,18,250.57612304518295
61,63,19,0,133.49134029137568
120,41,41,15,242.58044571724227
56,79,17,4,75.2024982626036
47,56,17,6,96.4607621843349
67,70,20,5,135.01932745074325
294,37,70,18,570.9083316656139
192,30,64,7,327.1227304876336
137,54,41,13,211.46938361828398
282,27,97,8,628.2586060252851
150,30,96,7,302.0305996941904
69,61,25,5,159.06993969741313
186,24,99,10,395.64764595597563
200,23,75,8,471.51911576773387
175,31,95,20,386.4706737909785
258,34,72,7,518.0486470875165
272,21,74,20,513.5283357131643
91,46,34,15,171.21624577462435
239,17,71,7,289.2073934935562
31,77,25,22,59.342156076632165
31,78,27,2,51.054410521261254
31,52,27,22,73.26375244699469
140,41,55,11,304.45738192812235
274,23,95,10,475.4049535855979
139,17,95,10,226.7971300309572
38,74,31,0,94.86135930872753
205,25,96,9,281.89729965202037
64,73,39,4,80.59184450013488
44,66,38,21,104.79607082121476
206,32,82,7,477.34648891989804
201,36,77,9,411.91730092082616
119,47,53,16,161.32999336415185
191,34,86,8,300.4629281775576
79,52,44,12,150.0591321920105
65,45,59,12,93.53911928485941
125,30,59,15,155.4356926193743
58,58,18,21,98.58302087581497
127,36,62,12,215.66935591337491
64,74,16,2,104.43682005128939
76,45,61,11,185.09920268284168
13,74,25,3,24.41180368331922
129,29,70,17,277.76315909902695
83,51,35,15,206.25377521051618
94,34,47,15,233.18925321036943
262,38,81,19,399.74473945071054
106,59,48,15,158.02624231893805
79,67,34,4,166.09637372357182
29,64,26,0,59.519611873691915
124,26,82,9,245.0790857587854
51,58,31,6,99.6017412398131
271,16,89,17,669.8580031961427
68,49,37,14,95.9285384101241
134,24,82,7,216.0976817056605
74,64,21,2,105.28776658243656
163,21,90,8,282.185396184542
130,30,39,15,177.8305065895684
24,68,34,2,57.92031575554403
264,34,94,9,535.6774805928937
130,27,98,20,254.8123791497214
95,35,37,14,223.20416071519477
164,31,65,7,321.44049188067794
21,66,28,6,30.53446001733377
100,44,57,13,143.30295839994557
71,61,34,0,110.23569980186068
27,76,23,22,48.096636515844565
71,73,10,23,133.61792283702917
265,26,76,19,645.1706025014867
52,57,16,0,125.08799021580371
241,37,73,17,509.6370817740676
62,71,32,4,76.52924012679482
66,40,64,11,156.26926665027244
53,71,38,23,102.81233787746878
41,50,13,2,54.42482264178732
58,53,10,22,144.26494217415413
25,72,25,0,40.69289412945752
149,22,76,8,280.4411043866541
11,72,18,3,24.769980144643544
105,47,44,14,175.39407062479307
16,61,14,23,19.55007580313412
215,34,80,18,439.11477939436554
67,54,14,6,149.3056815441645
231,38,97,8,448.70568533446726
96,39,62,11,184.4866281569832
164,24,72,20,236.94161496692374
146,45,34,11,193.73953927643558
94,46,47,12,161.99722773249465
86,53,44,15,159.29820296454307
276,36,91,10,421.0775921578749
51,76,23,1,106.39995249503502
148,36,89,20,369.1922482215531
109,46,46,13,253.0398420334913
247,20,97,8,392.2503613142718
150,32,87,17,313.70799029494384
264,21,87,19,519.9120613774351
62,51,24,21,124.96518734796753
263,16,74,18,406.2886410657928
36,77,16,6,62.784729682874726
122,47,35,12,238.09726768781746
145,15,90,18,231.4273772214685
72,62,27,23,112.7482321314908
161,35,92,18,315.6496125131957
20,67,26,22,40.15345024095418
124,24,87,20,161.96381357241
268,34,87,9,558.5794549758574
274,24,60,10,360.00431704087976
224,27,64,7,518.3575887998289
76,53,69,13,189.36529418743453
281,17,75,7,382.90240695572754
53,76,11,21,83.84638101052951
297,25,65,9,632.1293202175128
186,33,88,19,265.9086774189767
132,21,70,10,256.28702771201665
179,25,94,10,341.22167197388234
70,67,29,6,169.78846382052427
34,78,17,1,68.40257409809483
43,50,34,23,79.84793999574737
62,40,40,14,114.6669311673922
24,75,14,22,29.576826290996983
56,64,13,3,127.29104412759406
56,75,12,3,128.542249930861
259,17,94,19,413.66791158650767
279,32,68,18,424.94958057381336
234,29,97,10,474.2848580889073
236,32,83,10,380.59488555629156
274,26,84,10,579.5002846818813
105,44,35,13,160.08244508467877
43,59,22,23,75.08117702532698
139,29,68,20,297.32046829165654
75,42,68,14,146.7909980920592
28,59,19,3,45.069059681096164
126,29,94,10,226.62942032352012
149,36,93,7,364.11408494972375
150,28,94,10,297.89829324479007
71,60,34,4,164.1599167942699
40,51,30,0,57.04396608274254
136,55,61,12,284.8806569744376
17,72,39,0,32.93365216976812
44,68,12,0,78.76569155504423
62,42,66,15,130.7906849363211
83,53,30,11,150.86070641401713
178,36,84,18,247.52280425649343
26,53,18,5,63.456558161441414
46,79,14,21,81.29158772988096
65,65,26,21,115.36051679749136
21,78,20,2,35.062503772432294
52,64,23,5,125.03663546379966
22,68,34,21,37.58366154147407
29,74,23,23,62.12790958112487
159,24,79,9,355.1348965171392
32,57,34,23,53.54496535994415
149,37,59,12,334.98966729417793
74,57,31,13,93.39910187141903
78,51,41,12,118.79176921858542
25,57,31,23,52.56981163518395
79,77,39,6,140.50734821644232
147,18,66,17,191.628078079819
109,47,50,15,214.78113182725428
278,25,60,17,602.6751211011549
261,19,94,17,508.3335755466719
66,53,48,12,81.50343540831697
132,38,69,15,165.5427746366384
102,51,59,13,183.54085702711285
50,58,11,21,95.94699143244961
35,58,18,0,84.68487986884266
38,67,19,4,80.47839612291489
85,42,64,15,110.03276143427377
79,71,34,4,110.33572781834322
144,45,48,14,354.534594518923
197,24,75,20,370.986045500204
61,52,17,2,98.36871131121214
117,57,57,11,194.42080031859362
47,61,23,1,71.04705130412574
93,49,60,13,133.334185011564
32,67,31,4,56.3303542573829
201,19,83,17,319.3176706730757
148,39,45,11,283.4217594477006
138,39,40,11,253.770731572165
43,68,15,2,103.79497415021154
114,53,48,12,171.31083215636852
54,68,14,23,106.50385299418187
75,30,42,14,147.17341058040975
276,29,97,8,606.9438275445302
273,32,87,18,602.02762710445
119,40,57,12,145.03545560857987
46,64,17,23,110.40167988141322
115,40,44,13,283.8513851772461
108,31,67,14,237.57445670578315
97,42,48,13,127.21600727468105
92,43,54,16,216.80260823210193
41,70,26,22,65.41788166708699
79,62,38,0,103.4262063531027
68,38,51,16,164.6245486894803
288,29,69,18,388.57574783879784
215,27,97,7,274.85132483014246
25,54,36,23,54.95649419095194
60,42,56,11,100.59649869509354
257,15,86,8,315.0835638033151
10,76,25,2,23.663437083860543
82,44,66,12,203.63608791595487
30,75,31,3,40.21968576029559
148,26,84,9,364.1754264919534
67,65,32,4,112.04935309286763
137,21,83,9,177.11600819837804
248,22,94,9,559.1592256538419
234,34,70,9,547.0237762220688
189,35,83,20,454.02575252841336
78,67,28,4,127.73548792890196
168,28,91,9,308.80502185906295
140,37,86,18,238.86898465980434
24,69,23,6,59.12135449629521
12,54,22,5,16.63125293481689
65,35,61,11,160.67451957663815
243,37,63,20,352.5578314766097
184,36,61,17,346.1539893054678
36,63,19,2,83.29175821759125
78,74,39,21,121.09595538210249
165,34,78,10,256.8242415605205
271,31,80,10,402.11645986566583
34,79,12,5,58.673932537227145
150,28,63,19,215.0191537637173
79,78,13,2,174.71115850869884
99,38,56,13,198.96966947224388
111,55,40,15,225.46781484340625
78,62,16,3,126.56327170337309
57,58,19,23,127.2640802181947
34,77,25,0,46.901659867979305
78,68,39,23,108.20600662196132
111,38,32,11,204.9628769442507
257,30,61,7,530.2730974731084
37,56,33,0,49.64797145481972
121,37,60,16,280.0293083225138
118,45,39,11,172.0195386563067
147,44,65,16,296.245220747447
65,56,18,5,87.94503342517527
37,50,11,4,72.85156800295323
11,64,20,6,22.020263514647702
161,37,88,17,322.95105336534334
67,77,10,6,116.42606307587509
198,25,75,19,276.6150742719897
64,54,63,12,146.63609615846633
97,53,60,13,136.68761825833764
42,75,39,2,51.98441532582067
198,15,98,10,466.7548853422852
126,41,56,12,204.0566154506206
65,65,32,5,161.97656927906965
19,71,38,5,24.55414386324176
130,49,58,16,182.79323932961228
123,23,69,7,214.06260769608025
243,15,88,20,527.6408527577628
43,52,22,23,104.41993459537841
57,52,11,21,95.70450751997404
62,72,25,2,123.9860279552523
169,29,73,8,381.99832777087533
237,20,78,7,425.19943207193745
18,64,37,4,36.78381135908837
87,54,40,11,185.41964002241136
50,71,11,5,109.39434550113627
135,50,39,12,278.0902583654773
70,61,14,23,141.4639858332657
257,27,78,9,508.85408776575224
251,18,90,9,414.6544866602182
20,66,18,5,44.94447318184289
199,38,97,18,394.33285480148953
18,56,11,3,44.91031975407023
278,19,96,17,477.74314107997844
76,60,32,22,131.99280416980517
134,54,51,13,195.68766244144294
21,57,30,0,49.62707110979381
42,65,32,3,95.05981737142689
141,54,44,11,347.577222870932
236,30,77,8,500.24187525859554
68,67,14,22,144.02082794194592
94,47,56,13,150.613795679377
176,37,68,20,426.44663374692783
265,24,95,17,492.8756887880279
124,35,52,15,151.30304983069328
141,47,52,13,273.9731988793522
114,50,68,13,273.6915396942643
142,35,68,12,312.3644892571925
51,62,27,4,75.21210634276686
16,52,31,4,26.530718833651754
96,56,46,11,142.62818975619655
57,64,20,1,108.5276724098887
26,51,10,1,54.36316377795232
249,20,62,7,572.2869587406656
86,54,45,12,153.80967693350797
38,65,25,6,64.67794368065094
82,49,30,16,200.26733342731544
39,54,29,21,76.59428293403334
44,59,12,6,92.84732349290654
228,36,92,18,459.58250203920164
115,42,43,16,169.0282717395432
242,21,95,8,432.3787540472909
18,54,17,21,35.83497716658753
12,63,16,4,19.1922478062961
41,70,14,23,60.81819463860478
43,79,20,2,82.05624079206666
219,18,90,20,531.2072946104181
158,18,79,7,240.63803386233192
89,38,59,12,131.08597269393954
14,78,16,3,24.01520440816565
29,58,34,4,51.44039817252865
276,30,86,18,662.0245408277095
288,30,75,9,687.676116674087
110,38,56,14,223.23284097703493
231,39,63,17,492.38326189349533
110,52,63,16,274.7392508056089
122,52,41,13,217.02962578979077
76,77,23,23,101.76592645672261
66,79,22,21,115.68385426228355
186,29,88,19,458.0878173615273
76,42,63,13,169.63436906170008
250,31,69,8,409.89141484529034
114,30,40,14,255.99822930766453
68,56,66,12,116.08360460710719
76,51,52,16,96.56660906560515
31,51,14,1,51.06229026022306
62,48,56,15,78.94413098098718
218,35,60,9,504.97463929015095
116,39,64,15,167.28157656112077
80,46,56,16,102.03710616851498
124,28,98,19,259.2937571385039
35,59,39,1,57.476724427951375
64,41,30,16,129.73289271452552
14,53,20,6,30.517857508752794
29,59,14,21,50.775805791706766
270,36,76,20,419.5718014007437
140,46,38,11,169.61991207065583
69,44,65,16,118.41318446477672
72,66,39,4,141.65155358604835
77,33,59,16,117.9150044971795
73,75,33,5,140.86305229739054
21,79,22,23,43.748545808134125
82,48,35,13,199.77004724167838
138,47,62,16,338.6996746443716
27,54,12,4,48.181378467563285
195,31,81,10,329.85541222226254
195,33,71,7,459.2411093967697
137,30,42,15,218.39268789798825
207,20,95,10,263.3688180477648
32,72,30,2,74.70668973839302
132,31,41,12,299.8132016781442
32,65,15,0,76.57373185934114
64,78,11,22,143.98596267192286
240,29,96,10,385.03443481647946
125,37,68,10,209.12815863043616
69,75,24,21,144.35033842994085
19,58,18,23,36.16438385011785
145,30,63,14,291.8558937870703
290,19,62,17,392.2916382911181
53,55,29,4,107.78541807095863
246,17,75,10,305.4841252866438
56,67,20,1,108.51177499707687
70,52,67,13,141.64173231645904
88,41,61,16,151.22959400115073
164,39,88,7,308.1722488489305
37,76,38,5,77.00966232037013
27,76,15,22,56.089203462700056
27,62,33,0,53.236719910387066
236,15,77,18,527.7545005533408
102,33,60,12,133.14497341065263
124,33,81,19,265.38900843655506
204,20,87,8,387.6239251332409
36,58,20,6,44.89812841346216
121,37,56,16,277.34030413850184
60,30,54,16,143.09665868611143
133,32,34,11,193.36593439936783
20,65,22,21,33.60317712935151
123,44,64,14,241.43490735945068
46,73,15,5,76.83236068570727
72,41,53,15,179.12547117810038
268,31,63,7,551.4310616898099
72,43,36,15,105.08573483470104
97,48,39,13,171.50468624979422
79,56,26,5,155.26783036363219
15,50,11,5,30.040135851048294
246,21,73,20,428.6646182573241
280,35,83,17,512.9999413024652
228,32,89,10,280.33430641743047
70,32,47,16,124.6288249561488
150,15,71,19,247.08877597665682
202,16,98,10,431.2107965908128
66,57,27,21,162.2592339640939
62,58,17,3,102.63907119869174
46,52,32,22,98.30752867800165
43,76,16,2,59.96508770084432
65,76,25,5,105.40080186885785
39,79,28,6,50.3697235283357
282,37,90,10,453.56443559300783
41,71,25,22,83.58972366153601
273,22,73,7,492.7683631076249
77,36,60,14,167.11471199496717
22,73,24,23,27.504600194986157
289,39,77,7,670.7780245794842
46,51,32,0,69.43966860161855
226,39,81,10,553.5123110674666
31,71,32,6,73.81013643280606
92,51,55,15,194.7728106386335
112,47,32,12,213.7523029130639
183,19,73,7,438.23854332683794
254,15,76,10,381.7184944438542
70,59,39,2,145.7602625401123
49,75,25,5,93.77261161499833
244,34,86,18,422.98486968743237
39,57,13,3,90.94470319703517
122,37,71,8,245.90142095089664
57,73,14,4,134.36378033358974
153,29,60,8,328.30065221027706
21,74,29,1,47.66674061484378
132,35,44,11,216.37114538741116
201,39,82,18,247.98870691762826
16,77,23,3,35.338044416907664
271,26,69,19,388.78246420381055
196,30,85,7,328.67390092138646
47,72,36,3,65.25260777539832
217,23,64,7,458.37783517945496
122,26,66,7,154.22449834952016
47,67,32,2,57.94323452398223
50,70,11,2,60.741376215080614
250,35,60,18,493.34703016491534
226,34,87,8,351.72571205645903
245,24,81,7,470.2937903793488
57,76,17,6,139.2429317832907
31,70,31,23,40.270904269742495
79,71,12,4,116.73128793651435
50,75,20,1,103.34059151353776
93,49,67,12,148.16263172596848
201,24,91,9,363.45587144513075
67,50,39,2,110.42545425856845
46,70,37,0,114.89895684348892
40,59,35,23,79.09332125058407
190,17,97,7,330.0227448064502
32,71,10,6,50.856594380303946
48,75,25,1,117.75501899375041
156,20,82,17,331.5129845698484
35,69,25,6,85.92252003824913
53,69,37,6,115.63243098753809
100,46,57,16,207.96740487878057
84,39,40,15,101.58519437532098
106,50,46,16,131.95113950566576
65,74,29,22,86.78831332156247
75,58,16,23,161.58289632280324
116,37,48,14,203.57869143513435
55,78,33,6,133.26042027202044
75,50,33,4,111.77971256021021
66,65,16,0,158.07821407706075
103,56,35,11,134.50388704892345
88,50,46,16,117.1378193743066
108,35,63,16,232.79096663014087
58,73,35,22,79.75343600333848
49,60,35,3,70.79863982853469
25,61,16,22,44.49682490422627
14,54,11,5,34.9335284115288
97,56,58,14,144.8535014442358
29,71,13,0,52.95824985715248
20,60,20,6,39.17407111001951
285,33,94,10,443.2283120506023
270,29,74,20,454.7296948717212
230,20,93,20,311.5708201294953
192,16,71,17,448.8111365258112
76,67,14,21,179.1274458029461
71,66,37,23,129.86273372243065
198,34,89,9,392.13811336788217
11,65,38,5,20.342386895691305
32,71,35,1,45.586460159581776
248,26,87,18,584.4911290001957
244,21,67,9,426.5129311531105
55,79,11,23,123.8055308746655
68,76,36,4,105.64665443412903
27,52,33,21,58.62709761416629
79,78,32,0,115.88262470312047
117,49,54,16,216.20033253496746
42,70,20,22,73.88165196873435
81,42,67,16,164.7992717055199
69,61,28,1,130.61544326911385
66,74,27,5,161.75458402378968
257,23,92,9,572.7049639804469
92,48,65,13,149.683296804829
69,76,18,4,115.31065537779288
37,60,13,3,62.851112529892454
275,35,91,18,509.18638898108077
143,34,71,7,186.23839989309775
76,52,50,15,97.77911675355612
177,19,78,19,304.3478239472504
43,76,29,6,61.3763293197582
65,51,28,0,156.50079870133354
69,76,27,6,153.1546080893097
62,62,37,6,94.04314954077952
275,19,64,10,636.0016841157519
67,62,28,0,163.18664136502943
277,15,97,10,411.4801291414251
124,18,67,18,172.71364516634915
259,31,98,8,602.6146260111539
30,71,36,5,65.85294372179388
66,65,23,1,94.07433935780863
28,61,32,3,61.63114125032954
22,60,30,2,27.840259560125777
146,34,33,12,205.79337783948765
18,53,36,2,37.61213873589061
159,25,78,8,384.9614729529129
26,60,12,22,34.22793987187043
21,62,28,2,43.50400465737029
141,31,40,12,304.4738789071234
214,31,84,8,368.81352306506915
29,70,25,2,53.558923509154994
15,59,27,3,26.482366961616428
285,21,80,8,391.10701581070145
143,26,90,8,341.7558384770045
233,24,84,10,544.6745743634267
260,18,80,10,537.3616788748692
214,17,86,20,268.0983814677731
223,22,76,19,361.5681769843732
21,66,16,6,27.7523810966884
71,63,26,2,111.37472624696738
296,38,65,10,511.26398185850576
253,33,74,10,517.9066383198553
79,77,23,23,167.6296158678104
69,70,37,1,106.37271677110448
170,16,89,10,327.8522092787286
121,48,46,15,256.0659534210532
147,37,67,13,298.3335930829257
129,17,71,18,184.96522554897044
294,34,67,20,585.5618783897997
70,71,25,5,135.68634413391555
28,75,19,2,50.11893557557981
134,42,63,12,265.9297388692035
67,48,37,16,106.36465071771715
111,49,68,16,240.62859419109662
45,63,12,6,104.67563408052449
54,61,16,22,102.53704758020976
282,26,80,8,621.8840439805002
25,60,34,0,52.54599486160605
28,60,33,1,47.214536429437835
71,75,17,21,109.83085379256647
33,77,24,6,48.53677865163529
28,55,34,0,45.8102573045824
19,63,31,22,26.16908630109522
79,38,36,12,170.00682658917597
224,28,74,9,536.4898357750526
30,79,23,2,63.73276525957363
208,33,62,7,432.82307286365904
50,71,19,21,83.32014127128944
282,18,94,8,547.1507869949558
182,34,81,7,335.44410412002225
39,51,31,0,94.96170153086777
98,41,50,15,187.37039741181115
38,50,31,2,74.22215629707362
111,48,34,11,246.26382104392468
77,74,20,0,118.74521880558432
176,17,63,7,331.53712647813666
11,64,23,0,19.105966689315
163,35,95,7,258.9291445221038
39,73,12,3,51.60903824613869
29,53,27,1,55.894933266663784
94,52,63,11,136.82737986153518
113,58,52,14,145.97730057509034
22,68,12,22,44.04635454889094
64,63,20,1,155.6291960430936
37,62,11,2,73.45878095444856
223,36,78,20,546.1643556838791
143,40,30,15,319.6133063688348
110,36,49,12,163.03325785387372
49,60,24,4,63.18632856498067
77,75,36,23,161.3479721372484
66,57,33,5,143.43039794790758
260,31,67,10,551.3526391372328
233,22,81,18,451.6581213383339
54,59,17,22,129.666213578736
135,49,59,12,176.54399243336533
191,19,63,9,348.24867874623834
58,78,17,23,94.31482875493478
213,30,73,18,279.74294760727184
42,50,33,4,62.846844223791905
21,74,35,23,37.389933145148554
289,18,91,7,417.8047891462237
107,41,69,16,200.1095530045888
49,70,37,6,85.1723334111594
127,18,73,19,235.98737239248254
149,39,81,8,222.32157125250546
200,16,71,8,412.58920911223794
130,59,55,14,156.10821582235297
168,34,74,10,264.8697793035528
61,54,33,12,129.0022822869933
26,70,30,21,55.74870620359957
51,67,35,5,99.4864805477862
181,19,86,18,433.4347646776702
235,26,78,8,573.5969123167162
102,40,46,12,191.18167234700582
197,28,73,10,367.61415291086666
85,38,50,14,106.84412482631018
264,18,93,8,359.0039526269089
257,31,95,17,602.4235684473792
29,74,24,3,63.99881272187579
94,30,49,13,144.53247733260227
21,70,32,1,36.08801224560701
167,32,93,10,320.9515688419297
223,39,95,17,344.4169041395481
297,20,60,20,653.6915159146463
31,73,39,1,39.06368630087552
132,40,62,13,174.2258977665073
203,19,88,10,457.39661771637924
121,58,46,16,277.17832846746415
173,36,76,10,273.94844064123413
128,40,68,12,282.90853080709667
179,25,85,9,250.91163864374894
262,18,90,9,530.8269631170247
138,42,59,13,240.4392952387108
204,27,75,9,445.80954112509863
106,48,32,15,236.92925630273814
73,68,28,1,89.77924062856131
84,39,32,14,121.90479691129491
102,53,40,13,175.17255599675437
189,18,61,18,356.3973290466569
175,37,87,17,217.5895288796828
273,28,99,8,338.1550936400007
255,23,61,19,386.63363297851856
12,66,35,3,25.075289056786225
79,54,13,5,154.56688352524185
112,33,59,16,157.48825704583803
101,34,61,11,202.25910402015822
205,17,79,9,482.22258216534243
69,57,43,12,146.07616181234388
71,39,50,15,85.45093251174895
61,56,31,6,99.60212821147479
272,24,61,18,558.2631649730996
141,54,60,16,315.86318465244545
65,66,28,4,119.5656536893879
79,73,15,2,173.76513554740646
156,19,82,10,352.5584141367241
85,59,35,13,196.293591154615
31,59,18,0,64.08564392684482
135,47,69,15,247.8126147682498
76,56,35,23,111.8851527548913
121,55,63,15,187.49785231648906
194,28,98,8,244.81017407995137
74,60,18,5,111.36099003322448
111,44,62,14,225.40583137343094
81,32,65,16,196.1497978559131
204,36,94,18,406.54022191621254
84,48,60,16,207.1691581669135
245,18,88,19,594.9797055823622
241,22,72,19,322.42954146210775
129,29,85,8,253.09121398459743
188,36,97,19,227.12314001526113
138,30,65,16,178.79613279439556
81,43,32,11,158.41050077909313
76,52,58,11,121.95833371688265
275,19,83,10,504.73707948823204
242,15,63,10,501.8814995575107
64,73,12,5,138.80115498321962
197,35,85,20,381.92452808701506
57,72,21,0,84.09717805269365
58,74,26,1,116.56893926885687
185,36,86,20,402.0678219238729
79,66,37,2,94.95460654537915
10,59,26,22,19.678000953187222
46,71,38,5,66.33521523887265
